USE D4T4Records;

/*	SQL QUERY TO INSERT DATA	*/  

/*	INSERT CUSTOMER DATA (30 TUPLES)	*/  
INSERT INTO `D4T4Records`.`Customer` (`CustomerID`, `FName`, `LName`, `Street`, `City`, `State`, `Zip`, `Phone`) VALUES ('1001', 'Hilton', 'Gayforth', '8404 Merrick Pass', 'Tulsa', 'Oklahoma', '98028', '918-817-8605');
INSERT INTO `D4T4Records`.`Customer` (`CustomerID`, `FName`, `LName`, `Street`, `City`, `State`, `Zip`, `Phone`) VALUES ('1002', 'Gearalt', 'Dilleston', '5 Moland Court', 'Baton Rouge', 'Louisiana', '43835', '225-988-2582');
INSERT INTO `D4T4Records`.`Customer` (`CustomerID`, `FName`, `LName`, `Street`, `City`, `State`, `Zip`, `Phone`) VALUES ('1003', 'Alic', 'Giovannacc@i', '0 Marquette Court', 'Tucson', 'Arizona', '74977', '520-590-4761');
INSERT INTO `D4T4Records`.`Customer` (`CustomerID`, `FName`, `LName`, `Street`, `City`, `State`, `Zip`, `Phone`) VALUES ('1004', 'Homer', 'Edmott', '9495 Everett Place', 'Kansas City', 'Missouri', '90904', '816-674-2053');
INSERT INTO `D4T4Records`.`Customer` (`CustomerID`, `FName`, `LName`, `Street`, `City`, `State`, `Zip`, `Phone`) VALUES ('1005', 'Darrell', 'Klimek', '7 Monument Crossing', 'Midland', 'Texas', '3442', '432-423-7796');
INSERT INTO `D4T4Records`.`Customer` (`CustomerID`, `FName`, `LName`, `Street`, `City`, `State`, `Zip`, `Phone`) VALUES ('1006', 'Kenyon', 'Dennehy', '0 Truax Trail', 'Lansing', 'Michigan', '31511', '517-513-6505');
INSERT INTO `D4T4Records`.`Customer` (`CustomerID`, `FName`, `LName`, `Street`, `City`, `State`, `Zip`, `Phone`) VALUES ('1007', 'Marget', 'Nethercott', '326 Westport Lane', 'Dallas', 'Texas', '74273', '214-930-2700');
INSERT INTO `D4T4Records`.`Customer` (`CustomerID`, `FName`, `LName`, `Street`, `City`, `State`, `Zip`, `Phone`) VALUES ('1008', 'Deidre', 'Caistor', '09646 Forest Way', 'Newark', 'New Jersey', '70910', '862-748-7334');
INSERT INTO `D4T4Records`.`Customer` (`CustomerID`, `FName`, `LName`, `Street`, `City`, `State`, `Zip`, `Phone`) VALUES ('1009', 'Cornelia', 'Clemmow', '18416 Farragut Place', 'Fairfax', 'Virginia', '27566', '571-577-2942');
INSERT INTO `D4T4Records`.`Customer` (`CustomerID`, `FName`, `LName`, `Street`, `City`, `State`, `Zip`, `Phone`) VALUES ('1010', 'Ellis', 'Axcel', '2589 Loomis Circle', 'Dayton', 'Ohio', '78130', '937-115-1558');
INSERT INTO `D4T4Records`.`Customer` (`CustomerID`, `FName`, `LName`, `Street`, `City`, `State`, `Zip`, `Phone`) VALUES ('1011', 'Merwin', 'Davis', '5 Anzinger Road', 'Youngstown', 'Ohio', '93458', '330-462-6296');
INSERT INTO `D4T4Records`.`Customer` (`CustomerID`, `FName`, `LName`, `Street`, `City`, `State`, `Zip`, `Phone`) VALUES ('1012', 'Madlin', 'Malatalant', '73 Riverside Junction', 'Boston', 'Massachusetts', '75793', '617-119-0496');
INSERT INTO `D4T4Records`.`Customer` (`CustomerID`, `FName`, `LName`, `Street`, `City`, `State`, `Zip`, `Phone`) VALUES ('1013', 'Clarice', 'Colls', '54965 Springs Lane', 'Fort Wayne', 'Indiana', '76332', '260-436-0685');
INSERT INTO `D4T4Records`.`Customer` (`CustomerID`, `FName`, `LName`, `Street`, `City`, `State`, `Zip`, `Phone`) VALUES ('1014', 'Sharai', 'Ferguson', '0643 Dakota Crossing', 'Santa Cruz', 'California', '42821', '831-413-4737');
INSERT INTO `D4T4Records`.`Customer` (`CustomerID`, `FName`, `LName`, `Street`, `City`, `State`, `Zip`, `Phone`) VALUES ('1015', 'Cleavland', 'Soles', '443 Harbort Parkway', 'Philadelphia', 'Pennsylvania', '20652', '267-418-9256');
INSERT INTO `D4T4Records`.`Customer` (`CustomerID`, `FName`, `LName`, `Street`, `City`, `State`, `Zip`, `Phone`) VALUES ('1016', 'Reeta', 'McWard', '80381 East Pass', 'Pensacola', 'Florida', '46762', '850-600-2161');
INSERT INTO `D4T4Records`.`Customer` (`CustomerID`, `FName`, `LName`, `Street`, `City`, `State`, `Zip`, `Phone`) VALUES ('1017', 'Christin', 'Bowshire', '31505 Eagan Junction', 'Torrance', 'California', '4254', '818-395-1300');
INSERT INTO `D4T4Records`.`Customer` (`CustomerID`, `FName`, `LName`, `Street`, `City`, `State`, `Zip`, `Phone`) VALUES ('1018', 'Noami', 'Liptrod', '41148 Reinke Pass', 'Scottsdale', 'Arizona', '46300', '602-793-1235');
INSERT INTO `D4T4Records`.`Customer` (`CustomerID`, `FName`, `LName`, `Street`, `City`, `State`, `Zip`, `Phone`) VALUES ('1019', 'Sergent', 'Payler', '90728 Center Alley', 'Saint Louis', 'Missouri', '65663', '314-396-3028');
INSERT INTO `D4T4Records`.`Customer` (`CustomerID`, `FName`, `LName`, `Street`, `City`, `State`, `Zip`, `Phone`) VALUES ('1020', 'Ursola', 'Scalera', '9 Gina Center', 'New Orleans', 'Louisiana', '44560', '504-312-2920');
INSERT INTO `D4T4Records`.`Customer` (`CustomerID`, `FName`, `LName`, `Street`, `City`, `State`, `Zip`, `Phone`) VALUES ('1021', 'Violante', 'Buckham', '0751 Barnett Center', 'Baltimore', 'Maryland', '12115', '443-418-0625');
INSERT INTO `D4T4Records`.`Customer` (`CustomerID`, `FName`, `LName`, `Street`, `City`, `State`, `Zip`, `Phone`) VALUES ('1022', 'Patsy', 'Label', '892 Cody Plaza', 'Waterloo', 'Iowa', '40127', '319-316-4693');
INSERT INTO `D4T4Records`.`Customer` (`CustomerID`, `FName`, `LName`, `Street`, `City`, `State`, `Zip`, `Phone`) VALUES ('1023', 'Orbadiah', 'Pirot', '59549 Erie Terrace', 'Frederick', 'Maryland', '51609', '240-869-9962');
INSERT INTO `D4T4Records`.`Customer` (`CustomerID`, `FName`, `LName`, `Street`, `City`, `State`, `Zip`, `Phone`) VALUES ('1024', 'Brittani', 'Bing', '5 Marcy Parkway', 'Greenville', 'South Carolina', '2452', '864-911-6981');
INSERT INTO `D4T4Records`.`Customer` (`CustomerID`, `FName`, `LName`, `Street`, `City`, `State`, `Zip`, `Phone`) VALUES ('1025', 'Jermayne', 'Pennigar', '26580 Anderson Lane', 'Rochester', 'New York', '56089', '585-738-9884');
INSERT INTO `D4T4Records`.`Customer` (`CustomerID`, `FName`, `LName`, `Street`, `City`, `State`, `Zip`, `Phone`) VALUES ('1026', 'Cami', 'Duns', '81 Logan Way', 'Cleveland', 'Ohio', '93833', '440-262-6710');
INSERT INTO `D4T4Records`.`Customer` (`CustomerID`, `FName`, `LName`, `Street`, `City`, `State`, `Zip`, `Phone`) VALUES ('1027', 'Josselyn', 'Pendrich', '32796 Alpine Park', 'Wilkes Barre', 'Pennsylvania', '555', '570-368-4265');
INSERT INTO `D4T4Records`.`Customer` (`CustomerID`, `FName`, `LName`, `Street`, `City`, `State`, `Zip`, `Phone`) VALUES ('1028', 'Druci', 'Northleigh', '66 Spenser Road', 'Erie', 'Pennsylvania', '59203', '814-768-7436');
INSERT INTO `D4T4Records`.`Customer` (`CustomerID`, `FName`, `LName`, `Street`, `City`, `State`, `Zip`, `Phone`) VALUES ('1029', 'Zarla', 'Roache', '23242 Vidon Way', 'Houston', 'Texas', '50590', '713-932-4359');
INSERT INTO `D4T4Records`.`Customer` (`CustomerID`, `FName`, `LName`, `Street`, `City`, `State`, `Zip`, `Phone`) VALUES ('1030', 'Waneta', 'Bowsher', '678 Hintze Pass', 'Fort Smith', 'Arkansas', '3653', '479-964-9602');


/*	INSERT TECHNICIAN DATA (30 TUPLES)	*/  
INSERT INTO `D4T4Records`.`Technician` (`TechID`, `FName`, `LName`, `Street`, `City`, `State`, `Zip`, `Phone`, `License`) VALUES ('2001', 'Bartlett', 'Luca', '68 Spohn Way', 'Apache Junction', 'Arizona', '88495', '480-285-2425', 'sh-0007-318');
INSERT INTO `D4T4Records`.`Technician` (`TechID`, `FName`, `LName`, `Street`, `City`, `State`, `Zip`, `Phone`, `License`) VALUES ('2002', 'Ester', 'Loudian', '36 Brentwood Lane', 'Irvine', 'California', '25125', '714-633-6405', 'ku-1999-815');
INSERT INTO `D4T4Records`.`Technician` (`TechID`, `FName`, `LName`, `Street`, `City`, `State`, `Zip`, `Phone`, `License`) VALUES ('2003', 'Binnie', 'Savine', '6356 Randy Crossing', 'Philadelphia', 'Pennsylvania', '81131', '215-555-1259', 'to-9980-933');
INSERT INTO `D4T4Records`.`Technician` (`TechID`, `FName`, `LName`, `Street`, `City`, `State`, `Zip`, `Phone`, `License`) VALUES ('2004', 'Leandra', 'Simonin', '14 Loomis Plaza', 'Columbia', 'Missouri', '98815', '573-485-9021', 'kk-3056-318');
INSERT INTO `D4T4Records`.`Technician` (`TechID`, `FName`, `LName`, `Street`, `City`, `State`, `Zip`, `Phone`, `License`) VALUES ('2005', 'Melitta', 'Niezen', '2 Riverside Road', 'Rochester', 'Minnesota', '99991', '507-881-4270', 'pc-6631-658');
INSERT INTO `D4T4Records`.`Technician` (`TechID`, `FName`, `LName`, `Street`, `City`, `State`, `Zip`, `Phone`, `License`) VALUES ('2006', 'Kathe', 'Henrionot', '0130 Del Sol Pass', 'San Jose', 'California', '57402', '408-541-5062', 'wx-2889-931');
INSERT INTO `D4T4Records`.`Technician` (`TechID`, `FName`, `LName`, `Street`, `City`, `State`, `Zip`, `Phone`, `License`) VALUES ('2007', 'Osborn', 'Houchin', '659 Thackeray Street', 'Bradenton', 'Florida', '59909', '941-284-4622', 'rl-8315-910');
INSERT INTO `D4T4Records`.`Technician` (`TechID`, `FName`, `LName`, `Street`, `City`, `State`, `Zip`, `Phone`, `License`) VALUES ('2008', 'Gui', 'Hurt', '85 Stone Corner Drive', 'Shawnee Mission', 'Kansas', '59646', '913-125-7311', 'hv-0932-125');
INSERT INTO `D4T4Records`.`Technician` (`TechID`, `FName`, `LName`, `Street`, `City`, `State`, `Zip`, `Phone`, `License`) VALUES ('2009', 'Nealy', 'Morican', '83 Sunbrook Hill', 'San Antonio', 'Texas', '53644', '210-955-3575', 'jf-8770-234');
INSERT INTO `D4T4Records`.`Technician` (`TechID`, `FName`, `LName`, `Street`, `City`, `State`, `Zip`, `Phone`, `License`) VALUES ('2010', 'Delainey', 'Elstob', '08 Transport Parkway', 'Panama City', 'Florida', '83590', '850-315-4382', 'aa-1626-919');
INSERT INTO `D4T4Records`.`Technician` (`TechID`, `FName`, `LName`, `Street`, `City`, `State`, `Zip`, `Phone`, `License`) VALUES ('2011', 'Gabriella', 'Buckerfield', '9822 Briar Crest Place', 'Huntington', 'West Virginia', '76433', '304-201-9645', 'bt-0523-887');
INSERT INTO `D4T4Records`.`Technician` (`TechID`, `FName`, `LName`, `Street`, `City`, `State`, `Zip`, `Phone`, `License`) VALUES ('2012', 'Earl', 'McGeneay', '4750 Graedel Circle', 'Wichita', 'Kansas', '45376', '316-738-2670', 'fx-3869-137');
INSERT INTO `D4T4Records`.`Technician` (`TechID`, `FName`, `LName`, `Street`, `City`, `State`, `Zip`, `Phone`, `License`) VALUES ('2013', 'Normie', 'Vasiljevic', '284 Lerdahl Street', 'North Port', 'Florida', '64997', '941-857-9191', 'on-4487-557');
INSERT INTO `D4T4Records`.`Technician` (`TechID`, `FName`, `LName`, `Street`, `City`, `State`, `Zip`, `Phone`, `License`) VALUES ('2014', 'Celene', 'Masterton', '465 Pennsylvania Crossing', 'Houston', 'Texas', '41825', '713-795-6572', 'vh-4690-364');
INSERT INTO `D4T4Records`.`Technician` (`TechID`, `FName`, `LName`, `Street`, `City`, `State`, `Zip`, `Phone`, `License`) VALUES ('2015', 'Tanny', 'MacCague', '9 Mcbride Lane', 'San Angelo', 'Texas', '86574', '325-505-7552', 'rf-7233-595');
INSERT INTO `D4T4Records`.`Technician` (`TechID`, `FName`, `LName`, `Street`, `City`, `State`, `Zip`, `Phone`, `License`) VALUES ('2016', 'Jamie', 'Woodsford', '17139 1st Circle', 'Indianapolis', 'Indiana', '78659', '317-144-3413', 'fq-3444-525');
INSERT INTO `D4T4Records`.`Technician` (`TechID`, `FName`, `LName`, `Street`, `City`, `State`, `Zip`, `Phone`, `License`) VALUES ('2017', 'Heddi', 'Rymill', '81518 Mayer Junction', 'Memphis', 'Tennessee', '73690', '901-364-0623', 'mf-5330-026');
INSERT INTO `D4T4Records`.`Technician` (`TechID`, `FName`, `LName`, `Street`, `City`, `State`, `Zip`, `Phone`, `License`) VALUES ('2018', 'Fairlie', 'Lightbourne', '284 Crownhardt Way', 'Kansas City', 'Missouri', '74385', '816-844-8366', 'vl-0933-328');
INSERT INTO `D4T4Records`.`Technician` (`TechID`, `FName`, `LName`, `Street`, `City`, `State`, `Zip`, `Phone`, `License`) VALUES ('2019', 'Lezlie', 'Hussey', '85899 West Center', 'Oklahoma City', 'Oklahoma', '47812', '405-314-9006', 'fj-4753-214');
INSERT INTO `D4T4Records`.`Technician` (`TechID`, `FName`, `LName`, `Street`, `City`, `State`, `Zip`, `Phone`, `License`) VALUES ('2020', 'Eugenio', 'Broster', '541 Birchwood Junction', 'Aurora', 'Colorado', '40155', '720-776-2248', 'jc-4622-525');
INSERT INTO `D4T4Records`.`Technician` (`TechID`, `FName`, `LName`, `Street`, `City`, `State`, `Zip`, `Phone`, `License`) VALUES ('2021', 'Allx', 'Briance', '3 Twin Pines Crossing', 'Tucson', 'Arizona', '13133', '520-667-3954', 'hr-0595-370');
INSERT INTO `D4T4Records`.`Technician` (`TechID`, `FName`, `LName`, `Street`, `City`, `State`, `Zip`, `Phone`, `License`) VALUES ('2022', 'Randall', 'Rosander', '185 New Castle Lane', 'Topeka', 'Kansas', '20648', '785-358-0416', 'sp-0458-201');
INSERT INTO `D4T4Records`.`Technician` (`TechID`, `FName`, `LName`, `Street`, `City`, `State`, `Zip`, `Phone`, `License`) VALUES ('2023', 'Anabelle', 'Battams', '4760 Caliangt Trail', 'Washington', 'District of Columbia', '38192', '202-787-5416', 'tl-5323-177');
INSERT INTO `D4T4Records`.`Technician` (`TechID`, `FName`, `LName`, `Street`, `City`, `State`, `Zip`, `Phone`, `License`) VALUES ('2024', 'Laney', 'Flindall', '39215 Westridge Lane', 'Charleston', 'West Virginia', '99331', '304-209-5475', 'sh-5461-704');
INSERT INTO `D4T4Records`.`Technician` (`TechID`, `FName`, `LName`, `Street`, `City`, `State`, `Zip`, `Phone`, `License`) VALUES ('2025', 'Kath', 'Fawkes', '19 Charing Cross Place', 'San Diego', 'California', '78559', '619-169-9172', 'vq-3207-672');
INSERT INTO `D4T4Records`.`Technician` (`TechID`, `FName`, `LName`, `Street`, `City`, `State`, `Zip`, `Phone`, `License`) VALUES ('2026', 'Violante', 'Moxsom', '906 Del Mar Road', 'Raleigh', 'North Carolina', '73440', '919-545-7722', 'uo-3687-784');
INSERT INTO `D4T4Records`.`Technician` (`TechID`, `FName`, `LName`, `Street`, `City`, `State`, `Zip`, `Phone`, `License`) VALUES ('2027', 'Julietta', 'Mattiato', '285 Kingsford Place', 'Austin', 'Texas', '90586', '512-269-2909', 'av-9117-405');
INSERT INTO `D4T4Records`.`Technician` (`TechID`, `FName`, `LName`, `Street`, `City`, `State`, `Zip`, `Phone`, `License`) VALUES ('2028', 'Andee', 'Peirone', '9 Blackbird Crossing', 'Pensacola', 'Florida', '14682', '850-373-2655', 'yq-5822-297');
INSERT INTO `D4T4Records`.`Technician` (`TechID`, `FName`, `LName`, `Street`, `City`, `State`, `Zip`, `Phone`, `License`) VALUES ('2029', 'Caroline', 'Corney', '9 Stang Court', 'Erie', 'Pennsylvania', '18271', '814-925-0173', 'xq-6228-566');
INSERT INTO `D4T4Records`.`Technician` (`TechID`, `FName`, `LName`, `Street`, `City`, `State`, `Zip`, `Phone`, `License`) VALUES ('2030', 'Andeee', 'Miners', '3 New Castle Crossing', 'Cincinnati', 'Ohio', '98395', '513-786-0664', 'ao-1293-654');


/*	INSERT ARTIST DATA (30 TUPLES)	*/  
INSERT INTO `D4T4Records`.`Artist` (`ArtistID`, `FName`, `LName`, `Label`, `StageName`) VALUES ('3001', 'Hilliary', 'Duguid', '2 Fieldstone Trail', 'hduguid0');
INSERT INTO `D4T4Records`.`Artist` (`ArtistID`, `FName`, `LName`, `Label`, `StageName`) VALUES ('3002', 'Thibaud', 'Deniso', '3 Ruskin Drive', 'tdeniso1');
INSERT INTO `D4T4Records`.`Artist` (`ArtistID`, `FName`, `LName`, `Label`, `StageName`) VALUES ('3003', 'Gaylord', 'Dalligan', '544 6th Crossing', 'gdalligan2');
INSERT INTO `D4T4Records`.`Artist` (`ArtistID`, `FName`, `LName`, `Label`, `StageName`) VALUES ('3004', 'Walker', 'Prisk', '259 Sycamore Avenue', 'wprisk3');
INSERT INTO `D4T4Records`.`Artist` (`ArtistID`, `FName`, `LName`, `Label`, `StageName`) VALUES ('3005', 'Minerva', 'Cutsforth', '2 Portage Junction', 'mcutsforth4');
INSERT INTO `D4T4Records`.`Artist` (`ArtistID`, `FName`, `LName`, `Label`) VALUES ('3006', 'Celina', 'Gunningham', '4885 4th Court');
INSERT INTO `D4T4Records`.`Artist` (`ArtistID`, `FName`, `LName`, `Label`, `StageName`) VALUES ('3007', 'Tami', 'Servis', '24907 Maple Trail', 'tservis6');
INSERT INTO `D4T4Records`.`Artist` (`ArtistID`, `FName`, `LName`, `Label`, `StageName`) VALUES ('3008', 'Fiann', 'Nanetti', '257 International Plaza', 'fnanetti7');
INSERT INTO `D4T4Records`.`Artist` (`ArtistID`, `FName`, `LName`, `Label`, `StageName`) VALUES ('3009', 'Carleton', 'Addeycott', '7905 Prairieview Drive', 'caddeycott8');
INSERT INTO `D4T4Records`.`Artist` (`ArtistID`, `FName`, `LName`, `Label`, `StageName`) VALUES ('3010', 'Roana', 'Dranfield', '2482 Little Fleur Trail', 'rdranfield9');
INSERT INTO `D4T4Records`.`Artist` (`ArtistID`, `FName`, `LName`, `Label`, `StageName`) VALUES ('3011', 'Johanna', 'MacCulloch', '91416 Sloan Park', 'jmaccullocha');
INSERT INTO `D4T4Records`.`Artist` (`ArtistID`, `FName`, `LName`, `Label`, `StageName`) VALUES ('3012', 'Alex', 'McHale', '8 8th Street', 'amchaleb');
INSERT INTO `D4T4Records`.`Artist` (`ArtistID`, `FName`, `LName`, `Label`) VALUES ('3013', 'Hagen', 'Wiseman', '417 East Parkway');
INSERT INTO `D4T4Records`.`Artist` (`ArtistID`, `FName`, `LName`, `Label`, `StageName`) VALUES ('3014', 'Velvet', 'Foard', '988 Clyde Gallagher Road', 'vfoardd');
INSERT INTO `D4T4Records`.`Artist` (`ArtistID`, `FName`, `LName`, `Label`, `StageName`) VALUES ('3015', 'Alina', 'Bottlestone', '9069 3rd Court', 'abottlestonee');
INSERT INTO `D4T4Records`.`Artist` (`ArtistID`, `FName`, `LName`, `Label`, `StageName`) VALUES ('3016', 'Loralyn', 'Lushey', '77 Cardinal Point', 'llusheyf');
INSERT INTO `D4T4Records`.`Artist` (`ArtistID`, `FName`, `LName`, `Label`, `StageName`) VALUES ('3017', 'Lorna', 'Stivens', '63 Ridgeway Road', 'lstivensg');
INSERT INTO `D4T4Records`.`Artist` (`ArtistID`, `FName`, `LName`, `Label`, `StageName`) VALUES ('3018', 'Deny', 'Rosario', '57122 Dexter Drive', 'drosarioh');
INSERT INTO `D4T4Records`.`Artist` (`ArtistID`, `FName`, `LName`, `Label`, `StageName`) VALUES ('3019', 'Nady', 'Ottosen', '7612 Dawn Point', 'nottoseni');
INSERT INTO `D4T4Records`.`Artist` (`ArtistID`, `FName`, `LName`, `Label`) VALUES ('3020', 'Darsie', 'Norval', '8004 Drewry Place');
INSERT INTO `D4T4Records`.`Artist` (`ArtistID`, `FName`, `LName`, `Label`, `StageName`) VALUES ('3021', 'Rabbi', 'Boundley', '11095 Duke Road', 'rboundleyk');
INSERT INTO `D4T4Records`.`Artist` (`ArtistID`, `FName`, `LName`, `Label`, `StageName`) VALUES ('3022', 'Jess', 'Vaskov', '0 Continental Drive', 'jvaskovl');
INSERT INTO `D4T4Records`.`Artist` (`ArtistID`, `FName`, `LName`, `Label`, `StageName`) VALUES ('3023', 'Tommi', 'Georgiev', '65 Morningstar Place', 'tgeorgievm');
INSERT INTO `D4T4Records`.`Artist` (`ArtistID`, `FName`, `LName`, `Label`, `StageName`) VALUES ('3024', 'Orelie', 'Hiscocks', '89 Larry Place', 'ohiscocksn');
INSERT INTO `D4T4Records`.`Artist` (`ArtistID`, `FName`, `LName`, `Label`, `StageName`) VALUES ('3025', 'Jammie', 'Presswell', '95995 Aberg Center', 'jpresswello');
INSERT INTO `D4T4Records`.`Artist` (`ArtistID`, `FName`, `LName`, `Label`, `StageName`) VALUES ('3026', 'Rem', 'Whiteway', '4588 Hovde Center', 'rwhitewayp');
INSERT INTO `D4T4Records`.`Artist` (`ArtistID`, `FName`, `LName`, `Label`, `StageName`) VALUES ('3027', 'Terri-jo', 'Geeraert', '3547 Ryan Parkway', 'tgeeraertq');
INSERT INTO `D4T4Records`.`Artist` (`ArtistID`, `FName`, `LName`, `Label`, `StageName`) VALUES ('3028', 'Lucio', 'Pasquale', '28 Starling Alley', 'lpasqualer');
INSERT INTO `D4T4Records`.`Artist` (`ArtistID`, `FName`, `LName`, `Label`, `StageName`) VALUES ('3029', 'Piotr', 'Sonier', '5 Loomis Drive', 'psoniers');
INSERT INTO `D4T4Records`.`Artist` (`ArtistID`, `FName`, `LName`, `Label`, `StageName`) VALUES ('3030', 'Linnet', 'Marchment', '643 6th Parkway', 'lmarchmentt');


/*	INSERT PRODUCER DATA (30 TUPLES)	*/  
INSERT INTO `D4T4Records`.`Producer` (`ProducerID`, `FName`, `LName`, `Company`) VALUES ('4001', 'Ashlee', 'Kirman', 'Lehner, Jacobson and Pagac');
INSERT INTO `D4T4Records`.`Producer` (`ProducerID`, `FName`, `LName`, `Company`) VALUES ('4002', 'Valma', 'Rapier', 'Grimes and Sons');
INSERT INTO `D4T4Records`.`Producer` (`ProducerID`, `FName`, `LName`, `Company`) VALUES ('4003', 'Corly', 'Ferres', 'Monahan, Donnelly and Olson');
INSERT INTO `D4T4Records`.`Producer` (`ProducerID`, `FName`, `LName`) VALUES ('4004', 'Lorena', 'Hariot');
INSERT INTO `D4T4Records`.`Producer` (`ProducerID`, `FName`, `LName`, `Company`) VALUES ('4005', 'Merrill', 'Cromack', 'Zboncak-Mills');
INSERT INTO `D4T4Records`.`Producer` (`ProducerID`, `FName`, `LName`, `Company`) VALUES ('4006', 'Lilli', 'Weeke', 'Kuhic Inc');
INSERT INTO `D4T4Records`.`Producer` (`ProducerID`, `FName`, `LName`, `Company`) VALUES ('4007', 'Massimo', 'Healeas', 'Auer Inc');
INSERT INTO `D4T4Records`.`Producer` (`ProducerID`, `FName`, `LName`, `Company`) VALUES ('4008', 'Greg', 'Baudet', 'Turner-Reinger');
INSERT INTO `D4T4Records`.`Producer` (`ProducerID`, `FName`, `LName`, `Company`) VALUES ('4009', 'Lind', 'Chancellor', 'Weimann, King and Fahey');
INSERT INTO `D4T4Records`.`Producer` (`ProducerID`, `FName`, `LName`, `Company`) VALUES ('4010', 'Sandy', 'Shottin', 'Kuhlman and Romaguera');
INSERT INTO `D4T4Records`.`Producer` (`ProducerID`, `FName`, `LName`, `Company`) VALUES ('4011', 'Gretel', 'O\' Sullivan', 'Lang-Morissette');
INSERT INTO `D4T4Records`.`Producer` (`ProducerID`, `FName`, `LName`, `Company`) VALUES ('4012', 'Doti', 'Brownlie', 'Monahan LLC');
INSERT INTO `D4T4Records`.`Producer` (`ProducerID`, `FName`, `LName`, `Company`) VALUES ('4013', 'Titos', 'Studde', 'Daugherty, Windler and Nolan');
INSERT INTO `D4T4Records`.`Producer` (`ProducerID`, `FName`, `LName`, `Company`) VALUES ('4014', 'Fidelia', 'Fitzsymons', 'Klein Group');
INSERT INTO `D4T4Records`.`Producer` (`ProducerID`, `FName`, `LName`, `Company`) VALUES ('4015', 'Wilek', 'Jaffa', 'Zieme, Quitzon and Rolfson');
INSERT INTO `D4T4Records`.`Producer` (`ProducerID`, `FName`, `LName`, `Company`) VALUES ('4016', 'Morie', 'MacMenamie', 'McClure-Balistreri');
INSERT INTO `D4T4Records`.`Producer` (`ProducerID`, `FName`, `LName`) VALUES ('4017', 'Cynthy', 'Rapo');
INSERT INTO `D4T4Records`.`Producer` (`ProducerID`, `FName`, `LName`, `Company`) VALUES ('4018', 'Carling', 'Follos', 'Prohaska LLC');
INSERT INTO `D4T4Records`.`Producer` (`ProducerID`, `FName`, `LName`, `Company`) VALUES ('4019', 'Claybourne', 'Eudall', 'Stracke-Nicolas');
INSERT INTO `D4T4Records`.`Producer` (`ProducerID`, `FName`, `LName`, `Company`) VALUES ('4020', 'Horacio', 'Diplock', 'Rodriguez LLC');
INSERT INTO `D4T4Records`.`Producer` (`ProducerID`, `FName`, `LName`, `Company`) VALUES ('4021', 'Avivah', 'Janus', 'Goodwin, Kohler and Grady');
INSERT INTO `D4T4Records`.`Producer` (`ProducerID`, `FName`, `LName`, `Company`) VALUES ('4022', 'Bertie', 'Brimilcombe', 'Romaguera-Farrell');
INSERT INTO `D4T4Records`.`Producer` (`ProducerID`, `FName`, `LName`, `Company`) VALUES ('4023', 'Veronike', 'Cosyns', 'Carter-Beahan');
INSERT INTO `D4T4Records`.`Producer` (`ProducerID`, `FName`, `LName`, `Company`) VALUES ('4024', 'Tomlin', 'Clerc', 'Gorczany, West and Metz');
INSERT INTO `D4T4Records`.`Producer` (`ProducerID`, `FName`, `LName`) VALUES ('4025', 'Kettie', 'Goldin');
INSERT INTO `D4T4Records`.`Producer` (`ProducerID`, `FName`, `LName`, `Company`) VALUES ('4026', 'Cooper', 'Thomas', 'Hessel-Dicki');
INSERT INTO `D4T4Records`.`Producer` (`ProducerID`, `FName`, `LName`, `Company`) VALUES ('4027', 'Lilli', 'Bartleet', 'Pfannerstill Inc');
INSERT INTO `D4T4Records`.`Producer` (`ProducerID`, `FName`, `LName`, `Company`) VALUES ('4028', 'Verna', 'Mullord', 'Wiegand-Crist');
INSERT INTO `D4T4Records`.`Producer` (`ProducerID`, `FName`, `LName`, `Company`) VALUES ('4029', 'Lanita', 'Macrae', 'Padberg-Feil');
INSERT INTO `D4T4Records`.`Producer` (`ProducerID`, `FName`, `LName`, `Company`) VALUES ('4030', 'Adolpho', 'Gornall', 'Bergnaum, Hirthe and Brekke');


/*	INSERT RECORD DATA (120 TUPLES)	*/  
INSERT INTO `D4T4Records`.`Record` (`RecordID`, `Name`, `Price`, `ManufactDate`, `SalesDate`, `RecordType`, `CustomerID`) VALUES ('1', 'Asoka', '53', '1994-12-29', '2018-04-19', 'Vinyl', '1001');
INSERT INTO `D4T4Records`.`Record` (`RecordID`, `Name`, `Price`, `ManufactDate`, `SalesDate`, `RecordType`, `CustomerID`) VALUES ('2', 'Home Ing', '567', '1982-07-19', '2015-01-22', 'Vinyl', '1002');
INSERT INTO `D4T4Records`.`Record` (`RecordID`, `Name`, `Price`, `ManufactDate`, `SalesDate`, `RecordType`, `CustomerID`) VALUES ('3', 'Stim', '968', '1981-06-09', '2022-09-18', 'Vinyl', '1003');
INSERT INTO `D4T4Records`.`Record` (`RecordID`, `Name`, `Price`, `ManufactDate`, `RecordType`) VALUES ('4', 'Veribet', '114', '1983-06-16', 'Vinyl');
INSERT INTO `D4T4Records`.`Record` (`RecordID`, `Name`, `Price`, `ManufactDate`, `SalesDate`, `RecordType`, `CustomerID`) VALUES ('5', 'Trippledex', '90', '1985-09-03', '2022-09-28', 'Vinyl', '1004');
INSERT INTO `D4T4Records`.`Record` (`RecordID`, `Name`, `Price`, `ManufactDate`, `SalesDate`, `RecordType`, `CustomerID`) VALUES ('6', 'Stim', '669', '2009-08-22', '2019-12-26', 'Vinyl', '1005');
INSERT INTO `D4T4Records`.`Record` (`RecordID`, `Name`, `Price`, `ManufactDate`, `SalesDate`, `RecordType`, `CustomerID`) VALUES ('7', 'Y-find', '723', '1984-05-23', '2021-05-29', 'Vinyl', '1006');
INSERT INTO `D4T4Records`.`Record` (`RecordID`, `Name`, `Price`, `ManufactDate`, `SalesDate`, `RecordType`, `CustomerID`) VALUES ('8', 'Sonair', '85', '1984-02-14', '2018-10-24', 'Vinyl', '1007');
INSERT INTO `D4T4Records`.`Record` (`RecordID`, `Name`, `Price`, `ManufactDate`, `SalesDate`, `RecordType`, `CustomerID`) VALUES ('9', 'Solarbreeze', '835', '1993-03-13', '2022-02-24', 'Vinyl', '1008');
INSERT INTO `D4T4Records`.`Record` (`RecordID`, `Name`, `Price`, `ManufactDate`, `SalesDate`, `RecordType`, `CustomerID`) VALUES ('10', 'Temp', '830', '1984-05-05', '2022-03-30', 'Vinyl', '1009');
INSERT INTO `D4T4Records`.`Record` (`RecordID`, `Name`, `Price`, `ManufactDate`, `SalesDate`, `RecordType`, `CustomerID`) VALUES ('11', 'Voltsillam', '684', '1981-06-19', '2022-12-18', 'Vinyl', '1010');
INSERT INTO `D4T4Records`.`Record` (`RecordID`, `Name`, `Price`, `ManufactDate`, `SalesDate`, `RecordType`, `CustomerID`) VALUES ('12', 'Cookley', '842', '1986-07-12', '2021-12-27', 'Vinyl', '1011');
INSERT INTO `D4T4Records`.`Record` (`RecordID`, `Name`, `Price`, `ManufactDate`, `SalesDate`, `RecordType`, `CustomerID`) VALUES ('13', 'Job', '123', '1999-11-19', '2016-09-28', 'Vinyl', '1012');
INSERT INTO `D4T4Records`.`Record` (`RecordID`, `Name`, `Price`, `ManufactDate`, `RecordType`) VALUES ('14', 'Regrant', '854', '1975-08-31', 'Vinyl');
INSERT INTO `D4T4Records`.`Record` (`RecordID`, `Name`, `Price`, `ManufactDate`, `SalesDate`, `RecordType`, `CustomerID`) VALUES ('15', 'Mat Lam Tam', '552', '1985-08-19', '2022-05-19', 'Vinyl', '1013');
INSERT INTO `D4T4Records`.`Record` (`RecordID`, `Name`, `Price`, `ManufactDate`, `SalesDate`, `RecordType`, `CustomerID`) VALUES ('16', 'Zaam-Dox', '827', '2008-05-05', '2019-01-09', 'Vinyl', '1014');
INSERT INTO `D4T4Records`.`Record` (`RecordID`, `Name`, `Price`, `ManufactDate`, `RecordType`) VALUES ('17', 'Otcom', '844', '1982-10-27', 'Vinyl');
INSERT INTO `D4T4Records`.`Record` (`RecordID`, `Name`, `Price`, `ManufactDate`, `SalesDate`, `RecordType`, `CustomerID`) VALUES ('18', 'Matsoft', '59', '1983-07-25', '2018-11-18', 'Vinyl', '1015');
INSERT INTO `D4T4Records`.`Record` (`RecordID`, `Name`, `Price`, `ManufactDate`, `SalesDate`, `RecordType`, `CustomerID`) VALUES ('19', 'Holdlamis', '539', '1974-03-16', '2017-06-06', 'Vinyl', '1016');
INSERT INTO `D4T4Records`.`Record` (`RecordID`, `Name`, `Price`, `ManufactDate`, `SalesDate`, `RecordType`, `CustomerID`) VALUES ('20', 'Stronghold', '939', '2000-06-14', '2019-08-12', 'Vinyl', '1017');
INSERT INTO `D4T4Records`.`Record` (`RecordID`, `Name`, `Price`, `ManufactDate`, `SalesDate`, `RecordType`, `CustomerID`) VALUES ('21', 'Zoolab', '103', '1998-01-08', '2018-08-30', 'Vinyl', '1018');
INSERT INTO `D4T4Records`.`Record` (`RecordID`, `Name`, `Price`, `ManufactDate`, `SalesDate`, `RecordType`, `CustomerID`) VALUES ('22', 'Holdlamis', '837', '1978-06-08', '2021-12-16', 'Vinyl', '1019');
INSERT INTO `D4T4Records`.`Record` (`RecordID`, `Name`, `Price`, `ManufactDate`, `SalesDate`, `RecordType`, `CustomerID`) VALUES ('23', 'Rank', '366', '1982-12-18', '2022-07-10', 'Vinyl', '1020');
INSERT INTO `D4T4Records`.`Record` (`RecordID`, `Name`, `Price`, `ManufactDate`, `SalesDate`, `RecordType`, `CustomerID`) VALUES ('24', 'Bigtax', '242', '1991-02-07', '2016-10-06', 'Vinyl', '1021');
INSERT INTO `D4T4Records`.`Record` (`RecordID`, `Name`, `Price`, `ManufactDate`, `SalesDate`, `RecordType`, `CustomerID`) VALUES ('25', 'Konklab', '351', '1986-02-14', '2019-10-18', 'Vinyl', '1022');
INSERT INTO `D4T4Records`.`Record` (`RecordID`, `Name`, `Price`, `ManufactDate`, `SalesDate`, `RecordType`, `CustomerID`) VALUES ('26', 'Stringtough', '813', '1998-01-05', '2020-09-16', 'Vinyl', '1023');
INSERT INTO `D4T4Records`.`Record` (`RecordID`, `Name`, `Price`, `ManufactDate`, `SalesDate`, `RecordType`, `CustomerID`) VALUES ('27', 'Tresom', '639', '1971-01-14', '2016-04-26', 'Vinyl', '1024');
INSERT INTO `D4T4Records`.`Record` (`RecordID`, `Name`, `Price`, `ManufactDate`, `SalesDate`, `RecordType`, `CustomerID`) VALUES ('28', 'Mat Lam Tam', '888', '1987-07-09', '2022-05-04', 'Vinyl', '1025');
INSERT INTO `D4T4Records`.`Record` (`RecordID`, `Name`, `Price`, `ManufactDate`, `SalesDate`, `RecordType`, `CustomerID`) VALUES ('29', 'Matsoft', '450', '1996-05-13', '2021-08-03', 'Vinyl', '1026');
INSERT INTO `D4T4Records`.`Record` (`RecordID`, `Name`, `Price`, `ManufactDate`, `SalesDate`, `RecordType`, `CustomerID`) VALUES ('30', 'Quo Lux', '492', '1983-07-15', '2017-02-12', 'Vinyl', '1027');
INSERT INTO `D4T4Records`.`Record` (`RecordID`, `Name`, `Price`, `ManufactDate`, `SalesDate`, `RecordType`, `CustomerID`) VALUES ('31', 'Tres-Zap', '753', '1986-05-14', '2016-12-15', 'Instrument', '1028');
INSERT INTO `D4T4Records`.`Record` (`RecordID`, `Name`, `Price`, `ManufactDate`, `SalesDate`, `RecordType`, `CustomerID`) VALUES ('32', 'Tampflex', '894', '2007-03-29', '2016-07-25', 'Instrument', '1029');
INSERT INTO `D4T4Records`.`Record` (`RecordID`, `Name`, `Price`, `ManufactDate`, `RecordType`) VALUES ('33', 'Regrant', '57', '2006-12-08', 'Instrument');
INSERT INTO `D4T4Records`.`Record` (`RecordID`, `Name`, `Price`, `ManufactDate`, `SalesDate`, `RecordType`, `CustomerID`) VALUES ('34', 'Otcom', '415', '1990-08-19', '2015-07-22', 'Instrument', '1030');
INSERT INTO `D4T4Records`.`Record` (`RecordID`, `Name`, `Price`, `ManufactDate`, `SalesDate`, `RecordType`, `CustomerID`) VALUES ('35', 'Greenlam', '739', '1992-03-13', '2015-03-26', 'Instrument', '1001');
INSERT INTO `D4T4Records`.`Record` (`RecordID`, `Name`, `Price`, `ManufactDate`, `SalesDate`, `RecordType`, `CustomerID`) VALUES ('36', 'Home Ing', '391', '1984-04-28', '2021-04-21', 'Instrument', '1002');
INSERT INTO `D4T4Records`.`Record` (`RecordID`, `Name`, `Price`, `ManufactDate`, `SalesDate`, `RecordType`, `CustomerID`) VALUES ('37', 'Opela', '307', '1985-12-24', '2020-02-09', 'Instrument', '1003');
INSERT INTO `D4T4Records`.`Record` (`RecordID`, `Name`, `Price`, `ManufactDate`, `SalesDate`, `RecordType`, `CustomerID`) VALUES ('38', 'Sonair', '138', '1974-03-19', '2021-03-27', 'Instrument', '1004');
INSERT INTO `D4T4Records`.`Record` (`RecordID`, `Name`, `Price`, `ManufactDate`, `SalesDate`, `RecordType`, `CustomerID`) VALUES ('39', 'Voltsillam', '992', '2003-11-27', '2022-12-16', 'Instrument', '1005');
INSERT INTO `D4T4Records`.`Record` (`RecordID`, `Name`, `Price`, `ManufactDate`, `SalesDate`, `RecordType`, `CustomerID`) VALUES ('40', 'Namfix', '549', '2010-07-07', '2015-09-30', 'Instrument', '1006');
INSERT INTO `D4T4Records`.`Record` (`RecordID`, `Name`, `Price`, `ManufactDate`, `SalesDate`, `RecordType`, `CustomerID`) VALUES ('41', 'Latlux', '734', '1972-12-28', '2015-02-05', 'Instrument', '1007');
INSERT INTO `D4T4Records`.`Record` (`RecordID`, `Name`, `Price`, `ManufactDate`, `RecordType`) VALUES ('42', 'Bytecard', '918', '1987-08-13', 'Instrument');
INSERT INTO `D4T4Records`.`Record` (`RecordID`, `Name`, `Price`, `ManufactDate`, `RecordType`) VALUES ('43', 'Toughjoyfax', '190', '2003-08-12', 'Instrument');
INSERT INTO `D4T4Records`.`Record` (`RecordID`, `Name`, `Price`, `ManufactDate`, `SalesDate`, `RecordType`, `CustomerID`) VALUES ('44', 'Cardify', '783', '1984-11-21', '2015-12-22', 'Instrument', '1008');
INSERT INTO `D4T4Records`.`Record` (`RecordID`, `Name`, `Price`, `ManufactDate`, `RecordType`) VALUES ('45', 'Tres-Zap', '481', '1976-01-25', 'Instrument');
INSERT INTO `D4T4Records`.`Record` (`RecordID`, `Name`, `Price`, `ManufactDate`, `SalesDate`, `RecordType`, `CustomerID`) VALUES ('46', 'Temp', '658', '1981-01-10', '2021-05-01', 'Instrument', '1009');
INSERT INTO `D4T4Records`.`Record` (`RecordID`, `Name`, `Price`, `ManufactDate`, `SalesDate`, `RecordType`, `CustomerID`) VALUES ('47', 'Temp', '68', '1988-01-01', '2018-04-20', 'Instrument', '1010');
INSERT INTO `D4T4Records`.`Record` (`RecordID`, `Name`, `Price`, `ManufactDate`, `SalesDate`, `RecordType`, `CustomerID`) VALUES ('48', 'Rank', '830', '2002-05-05', '2022-03-27', 'Instrument', '1011');
INSERT INTO `D4T4Records`.`Record` (`RecordID`, `Name`, `Price`, `ManufactDate`, `SalesDate`, `RecordType`, `CustomerID`) VALUES ('49', 'Bigtax', '82', '1989-09-29', '2021-05-19', 'Instrument', '1012');
INSERT INTO `D4T4Records`.`Record` (`RecordID`, `Name`, `Price`, `ManufactDate`, `SalesDate`, `RecordType`, `CustomerID`) VALUES ('50', 'Span', '960', '2009-04-28', '2015-05-06', 'Instrument', '1013');
INSERT INTO `D4T4Records`.`Record` (`RecordID`, `Name`, `Price`, `ManufactDate`, `SalesDate`, `RecordType`, `CustomerID`) VALUES ('51', 'Tres-Zap', '324', '1975-08-17', '2021-06-20', 'Instrument', '1014');
INSERT INTO `D4T4Records`.`Record` (`RecordID`, `Name`, `Price`, `ManufactDate`, `SalesDate`, `RecordType`, `CustomerID`) VALUES ('52', 'Duobam', '776', '1982-08-11', '2015-03-04', 'Instrument', '1015');
INSERT INTO `D4T4Records`.`Record` (`RecordID`, `Name`, `Price`, `ManufactDate`, `RecordType`) VALUES ('53', 'Tres-Zap', '300', '1972-08-09', 'Instrument');
INSERT INTO `D4T4Records`.`Record` (`RecordID`, `Name`, `Price`, `ManufactDate`, `SalesDate`, `RecordType`, `CustomerID`) VALUES ('54', 'Konklux', '794', '1976-01-27', '2021-01-27', 'Instrument', '1016');
INSERT INTO `D4T4Records`.`Record` (`RecordID`, `Name`, `Price`, `ManufactDate`, `SalesDate`, `RecordType`, `CustomerID`) VALUES ('55', 'Sonsing', '548', '2002-03-19', '2020-07-19', 'Instrument', '1017');
INSERT INTO `D4T4Records`.`Record` (`RecordID`, `Name`, `Price`, `ManufactDate`, `SalesDate`, `RecordType`, `CustomerID`) VALUES ('56', 'Bitwolf', '633', '1977-03-03', '2016-09-13', 'Instrument', '1018');
INSERT INTO `D4T4Records`.`Record` (`RecordID`, `Name`, `Price`, `ManufactDate`, `RecordType`) VALUES ('57', 'Cardguard', '233', '2005-10-26', 'Instrument');
INSERT INTO `D4T4Records`.`Record` (`RecordID`, `Name`, `Price`, `ManufactDate`, `RecordType`) VALUES ('58', 'Sonsing', '719', '1985-04-30', 'Instrument');
INSERT INTO `D4T4Records`.`Record` (`RecordID`, `Name`, `Price`, `ManufactDate`, `RecordType`) VALUES ('59', 'Alpha', '711', '1979-01-15', 'Instrument');
INSERT INTO `D4T4Records`.`Record` (`RecordID`, `Name`, `Price`, `ManufactDate`, `SalesDate`, `RecordType`, `CustomerID`) VALUES ('60', 'Viva', '766', '1982-07-02', '2022-02-18', 'Instrument', '1019');
INSERT INTO `D4T4Records`.`Record` (`RecordID`, `Name`, `Price`, `ManufactDate`, `SalesDate`, `RecordType`, `CustomerID`) VALUES ('61', 'Tempsoft', '379', '2006-09-25', '2020-02-01', 'CD', '1020');
INSERT INTO `D4T4Records`.`Record` (`RecordID`, `Name`, `Price`, `ManufactDate`, `RecordType`) VALUES ('62', 'Lotlux', '912', '2009-05-02', 'CD');
INSERT INTO `D4T4Records`.`Record` (`RecordID`, `Name`, `Price`, `ManufactDate`, `SalesDate`, `RecordType`, `CustomerID`) VALUES ('63', 'Lotlux', '888', '1977-03-15', '2016-04-09', 'CD', '1021');
INSERT INTO `D4T4Records`.`Record` (`RecordID`, `Name`, `Price`, `ManufactDate`, `SalesDate`, `RecordType`, `CustomerID`) VALUES ('64', 'Aerified', '757', '1997-04-10', '2018-02-25', 'CD', '1022');
INSERT INTO `D4T4Records`.`Record` (`RecordID`, `Name`, `Price`, `ManufactDate`, `SalesDate`, `RecordType`, `CustomerID`) VALUES ('65', 'Tres-Zap', '769', '1999-06-04', '2021-05-06', 'CD', '1023');
INSERT INTO `D4T4Records`.`Record` (`RecordID`, `Name`, `Price`, `ManufactDate`, `SalesDate`, `RecordType`, `CustomerID`) VALUES ('66', 'Alpha', '759', '1989-12-25', '2019-08-26', 'CD', '1024');
INSERT INTO `D4T4Records`.`Record` (`RecordID`, `Name`, `Price`, `ManufactDate`, `SalesDate`, `RecordType`, `CustomerID`) VALUES ('67', 'Sub-Ex', '186', '1974-02-01', '2018-12-20', 'CD', '1025');
INSERT INTO `D4T4Records`.`Record` (`RecordID`, `Name`, `Price`, `ManufactDate`, `SalesDate`, `RecordType`, `CustomerID`) VALUES ('68', 'Stim', '320', '2010-04-03', '2020-07-12', 'CD', '1026');
INSERT INTO `D4T4Records`.`Record` (`RecordID`, `Name`, `Price`, `ManufactDate`, `SalesDate`, `RecordType`, `CustomerID`) VALUES ('69', 'Zathin', '582', '1973-09-26', '2017-11-21', 'CD', '1027');
INSERT INTO `D4T4Records`.`Record` (`RecordID`, `Name`, `Price`, `ManufactDate`, `SalesDate`, `RecordType`, `CustomerID`) VALUES ('70', 'Cardify', '343', '1992-09-14', '2022-04-03', 'CD', '1028');
INSERT INTO `D4T4Records`.`Record` (`RecordID`, `Name`, `Price`, `ManufactDate`, `SalesDate`, `RecordType`, `CustomerID`) VALUES ('71', 'Flowdesk', '216', '1994-01-11', '2020-12-10', 'CD', '1029');
INSERT INTO `D4T4Records`.`Record` (`RecordID`, `Name`, `Price`, `ManufactDate`, `RecordType`) VALUES ('72', 'Domainer', '746', '1981-10-29', 'CD');
INSERT INTO `D4T4Records`.`Record` (`RecordID`, `Name`, `Price`, `ManufactDate`, `SalesDate`, `RecordType`, `CustomerID`) VALUES ('73', 'Biodex', '758', '1996-10-11', '2015-09-27', 'CD', '1030');
INSERT INTO `D4T4Records`.`Record` (`RecordID`, `Name`, `Price`, `ManufactDate`, `RecordType`) VALUES ('74', 'Cardify', '628', '1992-10-02', 'CD');
INSERT INTO `D4T4Records`.`Record` (`RecordID`, `Name`, `Price`, `ManufactDate`, `SalesDate`, `RecordType`, `CustomerID`) VALUES ('75', 'It', '680', '1977-06-06', '2015-03-25', 'CD', '1001');
INSERT INTO `D4T4Records`.`Record` (`RecordID`, `Name`, `Price`, `ManufactDate`, `SalesDate`, `RecordType`, `CustomerID`) VALUES ('76', 'Quo Lux', '647', '2000-01-15', '2020-08-22', 'CD', '1002');
INSERT INTO `D4T4Records`.`Record` (`RecordID`, `Name`, `Price`, `ManufactDate`, `SalesDate`, `RecordType`, `CustomerID`) VALUES ('77', 'Mat Lam Tam', '630', '1987-07-16', '2019-04-21', 'CD', '1003');
INSERT INTO `D4T4Records`.`Record` (`RecordID`, `Name`, `Price`, `ManufactDate`, `SalesDate`, `RecordType`, `CustomerID`) VALUES ('78', 'Duobam', '741', '1983-09-24', '2018-06-29', 'CD', '1004');
INSERT INTO `D4T4Records`.`Record` (`RecordID`, `Name`, `Price`, `ManufactDate`, `SalesDate`, `RecordType`, `CustomerID`) VALUES ('79', 'Zaam-Dox', '233', '1975-03-13', '2019-02-01', 'CD', '1005');
INSERT INTO `D4T4Records`.`Record` (`RecordID`, `Name`, `Price`, `ManufactDate`, `SalesDate`, `RecordType`, `CustomerID`) VALUES ('80', 'Domainer', '186', '1973-04-30', '2017-02-24', 'CD', '1006');
INSERT INTO `D4T4Records`.`Record` (`RecordID`, `Name`, `Price`, `ManufactDate`, `SalesDate`, `RecordType`, `CustomerID`) VALUES ('81', 'Viva', '328', '1996-03-01', '2016-08-16', 'CD', '1007');
INSERT INTO `D4T4Records`.`Record` (`RecordID`, `Name`, `Price`, `ManufactDate`, `SalesDate`, `RecordType`, `CustomerID`) VALUES ('82', 'Rank', '545', '2001-04-11', '2022-03-05', 'CD', '1008');
INSERT INTO `D4T4Records`.`Record` (`RecordID`, `Name`, `Price`, `ManufactDate`, `SalesDate`, `RecordType`, `CustomerID`) VALUES ('83', 'Bitchip', '943', '1991-12-20', '2016-05-16', 'CD', '1009');
INSERT INTO `D4T4Records`.`Record` (`RecordID`, `Name`, `Price`, `ManufactDate`, `SalesDate`, `RecordType`, `CustomerID`) VALUES ('84', 'Stringtough', '101', '1990-11-29', '2019-08-20', 'CD', '1010');
INSERT INTO `D4T4Records`.`Record` (`RecordID`, `Name`, `Price`, `ManufactDate`, `SalesDate`, `RecordType`, `CustomerID`) VALUES ('85', 'Viva', '704', '1988-09-06', '2021-12-27', 'CD', '1011');
INSERT INTO `D4T4Records`.`Record` (`RecordID`, `Name`, `Price`, `ManufactDate`, `SalesDate`, `RecordType`, `CustomerID`) VALUES ('86', 'Keylex', '600', '1978-11-11', '2015-07-09', 'CD', '1012');
INSERT INTO `D4T4Records`.`Record` (`RecordID`, `Name`, `Price`, `ManufactDate`, `SalesDate`, `RecordType`, `CustomerID`) VALUES ('87', 'Quo Lux', '962', '1991-11-27', '2022-12-21', 'CD', '1013');
INSERT INTO `D4T4Records`.`Record` (`RecordID`, `Name`, `Price`, `ManufactDate`, `SalesDate`, `RecordType`, `CustomerID`) VALUES ('88', 'Wrapsafe', '490', '1984-07-02', '2020-08-25', 'CD', '1014');
INSERT INTO `D4T4Records`.`Record` (`RecordID`, `Name`, `Price`, `ManufactDate`, `SalesDate`, `RecordType`, `CustomerID`) VALUES ('89', 'Trippledex', '496', '1994-12-07', '2022-09-11', 'CD', '1015');
INSERT INTO `D4T4Records`.`Record` (`RecordID`, `Name`, `Price`, `ManufactDate`, `SalesDate`, `RecordType`, `CustomerID`) VALUES ('90', 'Vagram', '226', '1993-11-01', '2022-07-14', 'CD', '1016');
INSERT INTO `D4T4Records`.`Record` (`RecordID`, `Name`, `Price`, `ManufactDate`, `SalesDate`, `RecordType`, `CustomerID`) VALUES ('91', 'Biodex', '782', '1997-10-27', '2015-02-07', 'CD', '1017');
INSERT INTO `D4T4Records`.`Record` (`RecordID`, `Name`, `Price`, `ManufactDate`, `SalesDate`, `RecordType`, `CustomerID`) VALUES ('92', 'Konklux', '917', '1993-04-11', '2018-05-26', 'CD', '1018');
INSERT INTO `D4T4Records`.`Record` (`RecordID`, `Name`, `Price`, `ManufactDate`, `RecordType`) VALUES ('93', 'Konklab', '850', '1989-01-21', 'CD');
INSERT INTO `D4T4Records`.`Record` (`RecordID`, `Name`, `Price`, `ManufactDate`, `SalesDate`, `RecordType`, `CustomerID`) VALUES ('94', 'Tres-Zap', '400', '1979-01-06', '2019-04-11', 'CD', '1019');
INSERT INTO `D4T4Records`.`Record` (`RecordID`, `Name`, `Price`, `ManufactDate`, `SalesDate`, `RecordType`, `CustomerID`) VALUES ('95', 'Cookley', '671', '2006-12-19', '2021-04-30', 'CD', '1020');
INSERT INTO `D4T4Records`.`Record` (`RecordID`, `Name`, `Price`, `ManufactDate`, `SalesDate`, `RecordType`, `CustomerID`) VALUES ('96', 'Bitwolf', '868', '2000-01-19', '2016-11-18', 'CD', '1021');
INSERT INTO `D4T4Records`.`Record` (`RecordID`, `Name`, `Price`, `ManufactDate`, `SalesDate`, `RecordType`, `CustomerID`) VALUES ('97', 'Transcof', '937', '1994-07-24', '2019-08-29', 'CD', '1022');
INSERT INTO `D4T4Records`.`Record` (`RecordID`, `Name`, `Price`, `ManufactDate`, `RecordType`) VALUES ('98', 'Fix San', '161', '1980-09-26', 'CD');
INSERT INTO `D4T4Records`.`Record` (`RecordID`, `Name`, `Price`, `ManufactDate`, `SalesDate`, `RecordType`, `CustomerID`) VALUES ('99', 'Stringtough', '365', '1995-07-24', '2018-08-29', 'CD', '1023');
INSERT INTO `D4T4Records`.`Record` (`RecordID`, `Name`, `Price`, `ManufactDate`, `SalesDate`, `RecordType`, `CustomerID`) VALUES ('100', 'Quo Lux', '294', '2008-07-31', '2015-05-01', 'CD', '1024');
INSERT INTO `D4T4Records`.`Record` (`RecordID`, `Name`, `Price`, `ManufactDate`, `RecordType`) VALUES ('101', 'Biodex', '843', '1987-08-11', 'CD');
INSERT INTO `D4T4Records`.`Record` (`RecordID`, `Name`, `Price`, `ManufactDate`, `RecordType`) VALUES ('102', 'Zamit', '244', '1977-03-05', 'CD');
INSERT INTO `D4T4Records`.`Record` (`RecordID`, `Name`, `Price`, `ManufactDate`, `SalesDate`, `RecordType`, `CustomerID`) VALUES ('103', 'Prodder', '500', '1979-07-07', '2015-01-05', 'CD', '1025');
INSERT INTO `D4T4Records`.`Record` (`RecordID`, `Name`, `Price`, `ManufactDate`, `RecordType`) VALUES ('104', 'Ventosanzap', '216', '2002-08-12', 'CD');
INSERT INTO `D4T4Records`.`Record` (`RecordID`, `Name`, `Price`, `ManufactDate`, `SalesDate`, `RecordType`, `CustomerID`) VALUES ('105', 'Cookley', '82', '2004-12-21', '2018-02-01', 'CD', '1026');
INSERT INTO `D4T4Records`.`Record` (`RecordID`, `Name`, `Price`, `ManufactDate`, `SalesDate`, `RecordType`, `CustomerID`) VALUES ('106', 'Cardguard', '604', '1997-02-22', '2018-07-27', 'CD', '1027');
INSERT INTO `D4T4Records`.`Record` (`RecordID`, `Name`, `Price`, `ManufactDate`, `RecordType`) VALUES ('107', 'Opela', '247', '1992-05-16', 'CD');
INSERT INTO `D4T4Records`.`Record` (`RecordID`, `Name`, `Price`, `ManufactDate`, `SalesDate`, `RecordType`, `CustomerID`) VALUES ('108', 'Rank', '431', '1988-08-15', '2015-01-30', 'CD', '1028');
INSERT INTO `D4T4Records`.`Record` (`RecordID`, `Name`, `Price`, `ManufactDate`, `SalesDate`, `RecordType`, `CustomerID`) VALUES ('109', 'Konklab', '931', '2006-11-06', '2015-08-05', 'CD', '1029');
INSERT INTO `D4T4Records`.`Record` (`RecordID`, `Name`, `Price`, `ManufactDate`, `SalesDate`, `RecordType`, `CustomerID`) VALUES ('110', 'Pannier', '761', '2009-02-21', '2016-04-28', 'CD', '1030');
INSERT INTO `D4T4Records`.`Record` (`RecordID`, `Name`, `Price`, `ManufactDate`, `SalesDate`, `RecordType`, `CustomerID`) VALUES ('111', 'Duobam', '751', '2001-03-14', '2019-05-09', 'CD', '1001');
INSERT INTO `D4T4Records`.`Record` (`RecordID`, `Name`, `Price`, `ManufactDate`, `SalesDate`, `RecordType`, `CustomerID`) VALUES ('112', 'Bytecard', '727', '1982-10-25', '2020-12-12', 'CD', '1002');
INSERT INTO `D4T4Records`.`Record` (`RecordID`, `Name`, `Price`, `ManufactDate`, `SalesDate`, `RecordType`, `CustomerID`) VALUES ('113', 'Lotstring', '107', '1997-03-07', '2021-05-11', 'CD', '1003');
INSERT INTO `D4T4Records`.`Record` (`RecordID`, `Name`, `Price`, `ManufactDate`, `SalesDate`, `RecordType`, `CustomerID`) VALUES ('114', 'Zontrax', '983', '2007-03-13', '2017-12-10', 'CD', '1004');
INSERT INTO `D4T4Records`.`Record` (`RecordID`, `Name`, `Price`, `ManufactDate`, `SalesDate`, `RecordType`, `CustomerID`) VALUES ('115', 'Bytecard', '177', '1992-09-18', '2020-03-02', 'CD', '1005');
INSERT INTO `D4T4Records`.`Record` (`RecordID`, `Name`, `Price`, `ManufactDate`, `SalesDate`, `RecordType`, `CustomerID`) VALUES ('116', 'Zamit', '318', '1982-08-24', '2019-02-12', 'CD', '1006');
INSERT INTO `D4T4Records`.`Record` (`RecordID`, `Name`, `Price`, `ManufactDate`, `SalesDate`, `RecordType`, `CustomerID`) VALUES ('117', 'Alphazap', '630', '2000-05-14', '2019-04-18', 'CD', '1007');
INSERT INTO `D4T4Records`.`Record` (`RecordID`, `Name`, `Price`, `ManufactDate`, `SalesDate`, `RecordType`, `CustomerID`) VALUES ('118', 'Flexidy', '559', '1987-01-06', '2019-12-11', 'CD', '1008');
INSERT INTO `D4T4Records`.`Record` (`RecordID`, `Name`, `Price`, `ManufactDate`, `SalesDate`, `RecordType`, `CustomerID`) VALUES ('119', 'Temp', '436', '2009-07-07', '2020-03-19', 'CD', '1009');
INSERT INTO `D4T4Records`.`Record` (`RecordID`, `Name`, `Price`, `ManufactDate`, `RecordType`) VALUES ('120', 'Redhold', '421', '1972-09-25', 'CD');


/*	INSERT VINYL DATA (30 TUPLES)	*/  
INSERT INTO `D4T4Records`.`Vinyl` (`VinylID`, `Capacity`, `Diameter`) VALUES ('1', '26', '77');
INSERT INTO `D4T4Records`.`Vinyl` (`VinylID`, `Capacity`, `Diameter`) VALUES ('2', '32', '82');
INSERT INTO `D4T4Records`.`Vinyl` (`VinylID`, `Capacity`, `Diameter`) VALUES ('3', '46', '49');
INSERT INTO `D4T4Records`.`Vinyl` (`VinylID`, `Capacity`, `Diameter`) VALUES ('4', '20', '23');
INSERT INTO `D4T4Records`.`Vinyl` (`VinylID`, `Capacity`, `Diameter`) VALUES ('5', '28', '95');
INSERT INTO `D4T4Records`.`Vinyl` (`VinylID`, `Capacity`, `Diameter`) VALUES ('6', '23', '99');
INSERT INTO `D4T4Records`.`Vinyl` (`VinylID`, `Capacity`, `Diameter`) VALUES ('7', '38', '94');
INSERT INTO `D4T4Records`.`Vinyl` (`VinylID`, `Capacity`, `Diameter`) VALUES ('8', '27', '65');
INSERT INTO `D4T4Records`.`Vinyl` (`VinylID`, `Capacity`, `Diameter`) VALUES ('9', '33', '71');
INSERT INTO `D4T4Records`.`Vinyl` (`VinylID`, `Capacity`, `Diameter`) VALUES ('10', '26', '80');
INSERT INTO `D4T4Records`.`Vinyl` (`VinylID`, `Capacity`, `Diameter`) VALUES ('11', '40', '16');
INSERT INTO `D4T4Records`.`Vinyl` (`VinylID`, `Capacity`, `Diameter`) VALUES ('12', '43', '47');
INSERT INTO `D4T4Records`.`Vinyl` (`VinylID`, `Capacity`, `Diameter`) VALUES ('13', '22', '60');
INSERT INTO `D4T4Records`.`Vinyl` (`VinylID`, `Capacity`, `Diameter`) VALUES ('14', '27', '52');
INSERT INTO `D4T4Records`.`Vinyl` (`VinylID`, `Capacity`, `Diameter`) VALUES ('15', '41', '47');
INSERT INTO `D4T4Records`.`Vinyl` (`VinylID`, `Capacity`, `Diameter`) VALUES ('16', '27', '95');
INSERT INTO `D4T4Records`.`Vinyl` (`VinylID`, `Capacity`, `Diameter`) VALUES ('17', '23', '26');
INSERT INTO `D4T4Records`.`Vinyl` (`VinylID`, `Capacity`, `Diameter`) VALUES ('18', '24', '35');
INSERT INTO `D4T4Records`.`Vinyl` (`VinylID`, `Capacity`, `Diameter`) VALUES ('19', '26', '3');
INSERT INTO `D4T4Records`.`Vinyl` (`VinylID`, `Capacity`, `Diameter`) VALUES ('20', '44', '80');
INSERT INTO `D4T4Records`.`Vinyl` (`VinylID`, `Capacity`, `Diameter`) VALUES ('21', '32', '89');
INSERT INTO `D4T4Records`.`Vinyl` (`VinylID`, `Capacity`, `Diameter`) VALUES ('22', '44', '64');
INSERT INTO `D4T4Records`.`Vinyl` (`VinylID`, `Capacity`, `Diameter`) VALUES ('23', '44', '71');
INSERT INTO `D4T4Records`.`Vinyl` (`VinylID`, `Capacity`, `Diameter`) VALUES ('24', '48', '47');
INSERT INTO `D4T4Records`.`Vinyl` (`VinylID`, `Capacity`, `Diameter`) VALUES ('25', '21', '96');
INSERT INTO `D4T4Records`.`Vinyl` (`VinylID`, `Capacity`, `Diameter`) VALUES ('26', '26', '70');
INSERT INTO `D4T4Records`.`Vinyl` (`VinylID`, `Capacity`, `Diameter`) VALUES ('27', '27', '17');
INSERT INTO `D4T4Records`.`Vinyl` (`VinylID`, `Capacity`, `Diameter`) VALUES ('28', '24', '76');
INSERT INTO `D4T4Records`.`Vinyl` (`VinylID`, `Capacity`, `Diameter`) VALUES ('29', '24', '24');
INSERT INTO `D4T4Records`.`Vinyl` (`VinylID`, `Capacity`, `Diameter`) VALUES ('30', '35', '30');


/*	INSERT CD DATA (60 TUPLES)	*/  
INSERT INTO `D4T4Records`.`CD` (`CDID`, `Capacity`, `CDType`) VALUES ('61', '35', 'Music');
INSERT INTO `D4T4Records`.`CD` (`CDID`, `Capacity`, `CDType`) VALUES ('62', '10', 'Music');
INSERT INTO `D4T4Records`.`CD` (`CDID`, `Capacity`, `CDType`) VALUES ('63', '24', 'Music');
INSERT INTO `D4T4Records`.`CD` (`CDID`, `Capacity`, `CDType`) VALUES ('64', '7', 'Music');
INSERT INTO `D4T4Records`.`CD` (`CDID`, `Capacity`, `CDType`) VALUES ('65', '18', 'Music');
INSERT INTO `D4T4Records`.`CD` (`CDID`, `Capacity`, `CDType`) VALUES ('66', '52', 'Music');
INSERT INTO `D4T4Records`.`CD` (`CDID`, `Capacity`, `CDType`) VALUES ('67', '60', 'Music');
INSERT INTO `D4T4Records`.`CD` (`CDID`, `Capacity`, `CDType`) VALUES ('68', '71', 'Music');
INSERT INTO `D4T4Records`.`CD` (`CDID`, `Capacity`, `CDType`) VALUES ('69', '83', 'Music');
INSERT INTO `D4T4Records`.`CD` (`CDID`, `Capacity`, `CDType`) VALUES ('70', '12', 'Music');
INSERT INTO `D4T4Records`.`CD` (`CDID`, `Capacity`, `CDType`) VALUES ('71', '23', 'Music');
INSERT INTO `D4T4Records`.`CD` (`CDID`, `Capacity`, `CDType`) VALUES ('72', '50', 'Music');
INSERT INTO `D4T4Records`.`CD` (`CDID`, `Capacity`, `CDType`) VALUES ('73', '49', 'Music');
INSERT INTO `D4T4Records`.`CD` (`CDID`, `Capacity`, `CDType`) VALUES ('74', '71', 'Music');
INSERT INTO `D4T4Records`.`CD` (`CDID`, `Capacity`, `CDType`) VALUES ('75', '80', 'Music');
INSERT INTO `D4T4Records`.`CD` (`CDID`, `Capacity`, `CDType`) VALUES ('76', '35', 'Music');
INSERT INTO `D4T4Records`.`CD` (`CDID`, `Capacity`, `CDType`) VALUES ('77', '37', 'Music');
INSERT INTO `D4T4Records`.`CD` (`CDID`, `Capacity`, `CDType`) VALUES ('78', '23', 'Music');
INSERT INTO `D4T4Records`.`CD` (`CDID`, `Capacity`, `CDType`) VALUES ('79', '32', 'Music');
INSERT INTO `D4T4Records`.`CD` (`CDID`, `Capacity`, `CDType`) VALUES ('80', '50', 'Music');
INSERT INTO `D4T4Records`.`CD` (`CDID`, `Capacity`, `CDType`) VALUES ('81', '74', 'Music');
INSERT INTO `D4T4Records`.`CD` (`CDID`, `Capacity`, `CDType`) VALUES ('82', '53', 'Music');
INSERT INTO `D4T4Records`.`CD` (`CDID`, `Capacity`, `CDType`) VALUES ('83', '73', 'Music');
INSERT INTO `D4T4Records`.`CD` (`CDID`, `Capacity`, `CDType`) VALUES ('84', '71', 'Music');
INSERT INTO `D4T4Records`.`CD` (`CDID`, `Capacity`, `CDType`) VALUES ('85', '67', 'Music');
INSERT INTO `D4T4Records`.`CD` (`CDID`, `Capacity`, `CDType`) VALUES ('86', '66', 'Music');
INSERT INTO `D4T4Records`.`CD` (`CDID`, `Capacity`, `CDType`) VALUES ('87', '47', 'Music');
INSERT INTO `D4T4Records`.`CD` (`CDID`, `Capacity`, `CDType`) VALUES ('88', '19', 'Music');
INSERT INTO `D4T4Records`.`CD` (`CDID`, `Capacity`, `CDType`) VALUES ('89', '63', 'Music');
INSERT INTO `D4T4Records`.`CD` (`CDID`, `Capacity`, `CDType`) VALUES ('90', '81', 'Music');
INSERT INTO `D4T4Records`.`CD` (`CDID`, `Capacity`, `CDType`) VALUES ('91', '85', 'Movie');
INSERT INTO `D4T4Records`.`CD` (`CDID`, `Capacity`, `CDType`) VALUES ('92', '78', 'Movie');
INSERT INTO `D4T4Records`.`CD` (`CDID`, `Capacity`, `CDType`) VALUES ('93', '31', 'Movie');
INSERT INTO `D4T4Records`.`CD` (`CDID`, `Capacity`, `CDType`) VALUES ('94', '41', 'Movie');
INSERT INTO `D4T4Records`.`CD` (`CDID`, `Capacity`, `CDType`) VALUES ('95', '61', 'Movie');
INSERT INTO `D4T4Records`.`CD` (`CDID`, `Capacity`, `CDType`) VALUES ('96', '59', 'Movie');
INSERT INTO `D4T4Records`.`CD` (`CDID`, `Capacity`, `CDType`) VALUES ('97', '36', 'Movie');
INSERT INTO `D4T4Records`.`CD` (`CDID`, `Capacity`, `CDType`) VALUES ('98', '42', 'Movie');
INSERT INTO `D4T4Records`.`CD` (`CDID`, `Capacity`, `CDType`) VALUES ('99', '27', 'Movie');
INSERT INTO `D4T4Records`.`CD` (`CDID`, `Capacity`, `CDType`) VALUES ('100', '54', 'Movie');
INSERT INTO `D4T4Records`.`CD` (`CDID`, `Capacity`, `CDType`) VALUES ('101', '50', 'Movie');
INSERT INTO `D4T4Records`.`CD` (`CDID`, `Capacity`, `CDType`) VALUES ('102', '66', 'Movie');
INSERT INTO `D4T4Records`.`CD` (`CDID`, `Capacity`, `CDType`) VALUES ('103', '22', 'Movie');
INSERT INTO `D4T4Records`.`CD` (`CDID`, `Capacity`, `CDType`) VALUES ('104', '63', 'Movie');
INSERT INTO `D4T4Records`.`CD` (`CDID`, `Capacity`, `CDType`) VALUES ('105', '41', 'Movie');
INSERT INTO `D4T4Records`.`CD` (`CDID`, `Capacity`, `CDType`) VALUES ('106', '48', 'Movie');
INSERT INTO `D4T4Records`.`CD` (`CDID`, `Capacity`, `CDType`) VALUES ('107', '81', 'Movie');
INSERT INTO `D4T4Records`.`CD` (`CDID`, `Capacity`, `CDType`) VALUES ('108', '72', 'Movie');
INSERT INTO `D4T4Records`.`CD` (`CDID`, `Capacity`, `CDType`) VALUES ('109', '65', 'Movie');
INSERT INTO `D4T4Records`.`CD` (`CDID`, `Capacity`, `CDType`) VALUES ('110', '8', 'Movie');
INSERT INTO `D4T4Records`.`CD` (`CDID`, `Capacity`, `CDType`) VALUES ('111', '16', 'Movie');
INSERT INTO `D4T4Records`.`CD` (`CDID`, `Capacity`, `CDType`) VALUES ('112', '57', 'Movie');
INSERT INTO `D4T4Records`.`CD` (`CDID`, `Capacity`, `CDType`) VALUES ('113', '30', 'Movie');
INSERT INTO `D4T4Records`.`CD` (`CDID`, `Capacity`, `CDType`) VALUES ('114', '6', 'Movie');
INSERT INTO `D4T4Records`.`CD` (`CDID`, `Capacity`, `CDType`) VALUES ('115', '82', 'Movie');
INSERT INTO `D4T4Records`.`CD` (`CDID`, `Capacity`, `CDType`) VALUES ('116', '76', 'Movie');
INSERT INTO `D4T4Records`.`CD` (`CDID`, `Capacity`, `CDType`) VALUES ('117', '70', 'Movie');
INSERT INTO `D4T4Records`.`CD` (`CDID`, `Capacity`, `CDType`) VALUES ('118', '88', 'Movie');
INSERT INTO `D4T4Records`.`CD` (`CDID`, `Capacity`, `CDType`) VALUES ('119', '13', 'Movie');
INSERT INTO `D4T4Records`.`CD` (`CDID`, `Capacity`, `CDType`) VALUES ('120', '7', 'Movie');


/*	INSERT INSTRUMENT DATA (30 TUPLES)	*/  
INSERT INTO `D4T4Records`.`Instrument` (`InstrumentID`, `ModelBrand`, `Insurance`) VALUES ('31', 'Milna', 'kl-9378478');
INSERT INTO `D4T4Records`.`Instrument` (`InstrumentID`, `ModelBrand`, `Insurance`) VALUES ('32', 'Bndicte', 'ld-1255640');
INSERT INTO `D4T4Records`.`Instrument` (`InstrumentID`, `ModelBrand`, `Insurance`) VALUES ('33', 'Andra', 'vj-8289711');
INSERT INTO `D4T4Records`.`Instrument` (`InstrumentID`, `ModelBrand`, `Insurance`) VALUES ('34', 'Clestine', 'tj-4602196');
INSERT INTO `D4T4Records`.`Instrument` (`InstrumentID`, `ModelBrand`, `Insurance`) VALUES ('35', 'Clia', 'kg-9542954');
INSERT INTO `D4T4Records`.`Instrument` (`InstrumentID`, `ModelBrand`, `Insurance`) VALUES ('36', 'Athna', 'od-0044368');
INSERT INTO `D4T4Records`.`Instrument` (`InstrumentID`, `ModelBrand`, `Insurance`) VALUES ('37', 'Hkan', 'te-9312192');
INSERT INTO `D4T4Records`.`Instrument` (`InstrumentID`, `ModelBrand`, `Insurance`) VALUES ('38', 'Thrse', 'ye-0225258');
INSERT INTO `D4T4Records`.`Instrument` (`InstrumentID`, `ModelBrand`, `Insurance`) VALUES ('39', 'Clmence', 'lx-5615938');
INSERT INTO `D4T4Records`.`Instrument` (`InstrumentID`, `ModelBrand`, `Insurance`) VALUES ('40', 'Mlia', 'aa-8027044');
INSERT INTO `D4T4Records`.`Instrument` (`InstrumentID`, `ModelBrand`, `Insurance`) VALUES ('41', 'Crz', 'nh-9188440');
INSERT INTO `D4T4Records`.`Instrument` (`InstrumentID`, `ModelBrand`, `Insurance`) VALUES ('42', 'Jose', 'vu-5201142');
INSERT INTO `D4T4Records`.`Instrument` (`InstrumentID`, `ModelBrand`, `Insurance`) VALUES ('43', 'Laurne', 'sn-3409682');
INSERT INTO `D4T4Records`.`Instrument` (`InstrumentID`, `ModelBrand`, `Insurance`) VALUES ('44', 'Ru', 'ml-0526371');
INSERT INTO `D4T4Records`.`Instrument` (`InstrumentID`, `ModelBrand`, `Insurance`) VALUES ('45', 'Landre', 'ue-8693460');
INSERT INTO `D4T4Records`.`Instrument` (`InstrumentID`, `ModelBrand`, `Insurance`) VALUES ('46', 'Mlys', 'qe-9636231');
INSERT INTO `D4T4Records`.`Instrument` (`InstrumentID`, `ModelBrand`, `Insurance`) VALUES ('47', 'Clo', 'ru-1209887');
INSERT INTO `D4T4Records`.`Instrument` (`InstrumentID`, `ModelBrand`, `Insurance`) VALUES ('48', 'Malyss', 'gu-9675376');
INSERT INTO `D4T4Records`.`Instrument` (`InstrumentID`, `ModelBrand`, `Insurance`) VALUES ('49', 'Pnlope', 'yn-6280217');
INSERT INTO `D4T4Records`.`Instrument` (`InstrumentID`, `ModelBrand`, `Insurance`) VALUES ('50', 'Danile', 'bl-9957241');
INSERT INTO `D4T4Records`.`Instrument` (`InstrumentID`, `ModelBrand`, `Insurance`) VALUES ('51', 'Rbecca', 'hv-9882719');
INSERT INTO `D4T4Records`.`Instrument` (`InstrumentID`, `ModelBrand`, `Insurance`) VALUES ('52', 'Brangre', 'nz-3997280');
INSERT INTO `D4T4Records`.`Instrument` (`InstrumentID`, `ModelBrand`, `Insurance`) VALUES ('53', 'Irne', 'yd-3329412');
INSERT INTO `D4T4Records`.`Instrument` (`InstrumentID`, `ModelBrand`, `Insurance`) VALUES ('54', 'Desire', 'pn-2245180');
INSERT INTO `D4T4Records`.`Instrument` (`InstrumentID`, `ModelBrand`, `Insurance`) VALUES ('55', 'Dafne', 'up-0927956');
INSERT INTO `D4T4Records`.`Instrument` (`InstrumentID`, `ModelBrand`, `Insurance`) VALUES ('56', 'Genevive', 'ha-1942391');
INSERT INTO `D4T4Records`.`Instrument` (`InstrumentID`, `ModelBrand`, `Insurance`) VALUES ('57', 'Mthode', 'rx-8913430');
INSERT INTO `D4T4Records`.`Instrument` (`InstrumentID`, `ModelBrand`, `Insurance`) VALUES ('58', 'Clopatre', 'qn-7188079');
INSERT INTO `D4T4Records`.`Instrument` (`InstrumentID`, `ModelBrand`, `Insurance`) VALUES ('59', 'Adle', 'ai-7739606');
INSERT INTO `D4T4Records`.`Instrument` (`InstrumentID`, `ModelBrand`, `Insurance`) VALUES ('60', 'Elonore', 'za-2810763');


/*	INSERT MUSIC DATA (30 TUPLES)	*/  
INSERT INTO `D4T4Records`.`Music` (`MusicID`) VALUES ('61');
INSERT INTO `D4T4Records`.`Music` (`MusicID`) VALUES ('62');
INSERT INTO `D4T4Records`.`Music` (`MusicID`) VALUES ('63');
INSERT INTO `D4T4Records`.`Music` (`MusicID`) VALUES ('64');
INSERT INTO `D4T4Records`.`Music` (`MusicID`) VALUES ('65');
INSERT INTO `D4T4Records`.`Music` (`MusicID`) VALUES ('66');
INSERT INTO `D4T4Records`.`Music` (`MusicID`) VALUES ('67');
INSERT INTO `D4T4Records`.`Music` (`MusicID`) VALUES ('68');
INSERT INTO `D4T4Records`.`Music` (`MusicID`) VALUES ('69');
INSERT INTO `D4T4Records`.`Music` (`MusicID`) VALUES ('70');
INSERT INTO `D4T4Records`.`Music` (`MusicID`) VALUES ('71');
INSERT INTO `D4T4Records`.`Music` (`MusicID`) VALUES ('72');
INSERT INTO `D4T4Records`.`Music` (`MusicID`) VALUES ('73');
INSERT INTO `D4T4Records`.`Music` (`MusicID`) VALUES ('74');
INSERT INTO `D4T4Records`.`Music` (`MusicID`) VALUES ('75');
INSERT INTO `D4T4Records`.`Music` (`MusicID`) VALUES ('76');
INSERT INTO `D4T4Records`.`Music` (`MusicID`) VALUES ('77');
INSERT INTO `D4T4Records`.`Music` (`MusicID`) VALUES ('78');
INSERT INTO `D4T4Records`.`Music` (`MusicID`) VALUES ('79');
INSERT INTO `D4T4Records`.`Music` (`MusicID`) VALUES ('80');
INSERT INTO `D4T4Records`.`Music` (`MusicID`) VALUES ('81');
INSERT INTO `D4T4Records`.`Music` (`MusicID`) VALUES ('82');
INSERT INTO `D4T4Records`.`Music` (`MusicID`) VALUES ('83');
INSERT INTO `D4T4Records`.`Music` (`MusicID`) VALUES ('84');
INSERT INTO `D4T4Records`.`Music` (`MusicID`) VALUES ('85');
INSERT INTO `D4T4Records`.`Music` (`MusicID`) VALUES ('86');
INSERT INTO `D4T4Records`.`Music` (`MusicID`) VALUES ('87');
INSERT INTO `D4T4Records`.`Music` (`MusicID`) VALUES ('88');
INSERT INTO `D4T4Records`.`Music` (`MusicID`) VALUES ('89');
INSERT INTO `D4T4Records`.`Music` (`MusicID`) VALUES ('90');


/*	INSERT MOVIE DATA (30 TUPLES)	*/ 
INSERT INTO `D4T4Records`.`Movie` (`MovieID`, `ProducerID`) VALUES ('91', '4001');
INSERT INTO `D4T4Records`.`Movie` (`MovieID`, `ProducerID`) VALUES ('92', '4002');
INSERT INTO `D4T4Records`.`Movie` (`MovieID`, `ProducerID`) VALUES ('93', '4003');
INSERT INTO `D4T4Records`.`Movie` (`MovieID`, `ProducerID`) VALUES ('94', '4004');
INSERT INTO `D4T4Records`.`Movie` (`MovieID`, `ProducerID`) VALUES ('95', '4005');
INSERT INTO `D4T4Records`.`Movie` (`MovieID`, `ProducerID`) VALUES ('96', '4006');
INSERT INTO `D4T4Records`.`Movie` (`MovieID`, `ProducerID`) VALUES ('97', '4007');
INSERT INTO `D4T4Records`.`Movie` (`MovieID`, `ProducerID`) VALUES ('98', '4008');
INSERT INTO `D4T4Records`.`Movie` (`MovieID`, `ProducerID`) VALUES ('99', '4009');
INSERT INTO `D4T4Records`.`Movie` (`MovieID`, `ProducerID`) VALUES ('100', '4010');
INSERT INTO `D4T4Records`.`Movie` (`MovieID`, `ProducerID`) VALUES ('101', '4011');
INSERT INTO `D4T4Records`.`Movie` (`MovieID`, `ProducerID`) VALUES ('102', '4012');
INSERT INTO `D4T4Records`.`Movie` (`MovieID`, `ProducerID`) VALUES ('103', '4013');
INSERT INTO `D4T4Records`.`Movie` (`MovieID`, `ProducerID`) VALUES ('104', '4014');
INSERT INTO `D4T4Records`.`Movie` (`MovieID`, `ProducerID`) VALUES ('105', '4015');
INSERT INTO `D4T4Records`.`Movie` (`MovieID`, `ProducerID`) VALUES ('106', '4016');
INSERT INTO `D4T4Records`.`Movie` (`MovieID`, `ProducerID`) VALUES ('107', '4017');
INSERT INTO `D4T4Records`.`Movie` (`MovieID`, `ProducerID`) VALUES ('108', '4018');
INSERT INTO `D4T4Records`.`Movie` (`MovieID`, `ProducerID`) VALUES ('109', '4019');
INSERT INTO `D4T4Records`.`Movie` (`MovieID`, `ProducerID`) VALUES ('110', '4020');
INSERT INTO `D4T4Records`.`Movie` (`MovieID`, `ProducerID`) VALUES ('111', '4021');
INSERT INTO `D4T4Records`.`Movie` (`MovieID`, `ProducerID`) VALUES ('112', '4022');
INSERT INTO `D4T4Records`.`Movie` (`MovieID`, `ProducerID`) VALUES ('113', '4023');
INSERT INTO `D4T4Records`.`Movie` (`MovieID`, `ProducerID`) VALUES ('114', '4024');
INSERT INTO `D4T4Records`.`Movie` (`MovieID`, `ProducerID`) VALUES ('115', '4025');
INSERT INTO `D4T4Records`.`Movie` (`MovieID`, `ProducerID`) VALUES ('116', '4026');
INSERT INTO `D4T4Records`.`Movie` (`MovieID`, `ProducerID`) VALUES ('117', '4027');
INSERT INTO `D4T4Records`.`Movie` (`MovieID`, `ProducerID`) VALUES ('118', '4028');
INSERT INTO `D4T4Records`.`Movie` (`MovieID`, `ProducerID`) VALUES ('119', '4029');
INSERT INTO `D4T4Records`.`Movie` (`MovieID`, `ProducerID`) VALUES ('120', '4030');


/*	INSERT CUSTOMERPAYMENT DATA (30 TUPLES)	*/  
INSERT INTO `D4T4Records`.`CustomerPayment` (`PaymentMethod`, `CustomerID`) VALUES ('PayPal', '1001');
INSERT INTO `D4T4Records`.`CustomerPayment` (`PaymentMethod`, `CustomerID`) VALUES ('PayPal', '1002');
INSERT INTO `D4T4Records`.`CustomerPayment` (`PaymentMethod`, `CustomerID`) VALUES ('PayPal', '1003');
INSERT INTO `D4T4Records`.`CustomerPayment` (`PaymentMethod`, `CustomerID`) VALUES ('PayPal', '1004');
INSERT INTO `D4T4Records`.`CustomerPayment` (`PaymentMethod`, `CustomerID`) VALUES ('PayPal', '1005');
INSERT INTO `D4T4Records`.`CustomerPayment` (`PaymentMethod`, `CustomerID`) VALUES ('PayPal', '1006');
INSERT INTO `D4T4Records`.`CustomerPayment` (`PaymentMethod`, `CustomerID`) VALUES ('PayPal', '1007');
INSERT INTO `D4T4Records`.`CustomerPayment` (`PaymentMethod`, `CustomerID`) VALUES ('PayPal', '1008');
INSERT INTO `D4T4Records`.`CustomerPayment` (`PaymentMethod`, `CustomerID`) VALUES ('PayPal', '1009');
INSERT INTO `D4T4Records`.`CustomerPayment` (`PaymentMethod`, `CustomerID`) VALUES ('Credit Card', '1010');
INSERT INTO `D4T4Records`.`CustomerPayment` (`PaymentMethod`, `CustomerID`) VALUES ('Credit Card', '1011');
INSERT INTO `D4T4Records`.`CustomerPayment` (`PaymentMethod`, `CustomerID`) VALUES ('Credit Card', '1012');
INSERT INTO `D4T4Records`.`CustomerPayment` (`PaymentMethod`, `CustomerID`) VALUES ('Credit Card', '1013');
INSERT INTO `D4T4Records`.`CustomerPayment` (`PaymentMethod`, `CustomerID`) VALUES ('Credit Card', '1014');
INSERT INTO `D4T4Records`.`CustomerPayment` (`PaymentMethod`, `CustomerID`) VALUES ('Credit Card', '1015');
INSERT INTO `D4T4Records`.`CustomerPayment` (`PaymentMethod`, `CustomerID`) VALUES ('Credit Card', '1016');
INSERT INTO `D4T4Records`.`CustomerPayment` (`PaymentMethod`, `CustomerID`) VALUES ('Credit Card', '1017');
INSERT INTO `D4T4Records`.`CustomerPayment` (`PaymentMethod`, `CustomerID`) VALUES ('Credit Card', '1018');
INSERT INTO `D4T4Records`.`CustomerPayment` (`PaymentMethod`, `CustomerID`) VALUES ('Credit Card', '1019');
INSERT INTO `D4T4Records`.`CustomerPayment` (`PaymentMethod`, `CustomerID`) VALUES ('Credit Card', '1020');
INSERT INTO `D4T4Records`.`CustomerPayment` (`PaymentMethod`, `CustomerID`) VALUES ('Credit Card', '1021');
INSERT INTO `D4T4Records`.`CustomerPayment` (`PaymentMethod`, `CustomerID`) VALUES ('Credit Card', '1022');
INSERT INTO `D4T4Records`.`CustomerPayment` (`PaymentMethod`, `CustomerID`) VALUES ('Credit Card', '1023');
INSERT INTO `D4T4Records`.`CustomerPayment` (`PaymentMethod`, `CustomerID`) VALUES ('Credit Card', '1024');
INSERT INTO `D4T4Records`.`CustomerPayment` (`PaymentMethod`, `CustomerID`) VALUES ('Credit Card', '1025');
INSERT INTO `D4T4Records`.`CustomerPayment` (`PaymentMethod`, `CustomerID`) VALUES ('Credit Card', '1026');
INSERT INTO `D4T4Records`.`CustomerPayment` (`PaymentMethod`, `CustomerID`) VALUES ('Cash', '1027');
INSERT INTO `D4T4Records`.`CustomerPayment` (`PaymentMethod`, `CustomerID`) VALUES ('Cash', '1028');
INSERT INTO `D4T4Records`.`CustomerPayment` (`PaymentMethod`, `CustomerID`) VALUES ('Cash', '1029');
INSERT INTO `D4T4Records`.`CustomerPayment` (`PaymentMethod`, `CustomerID`) VALUES ('Cash', '1030');


/*	INSERT MUSICGENRE DATA (30 TUPLES)	*/  
INSERT INTO `D4T4Records`.`MusicGenre` (`GenreStyle`, `MusicID`) VALUES ('Jazz', '61');
INSERT INTO `D4T4Records`.`MusicGenre` (`GenreStyle`, `MusicID`) VALUES ('Pop', '61');
INSERT INTO `D4T4Records`.`MusicGenre` (`GenreStyle`, `MusicID`) VALUES ('Rock', '62');
INSERT INTO `D4T4Records`.`MusicGenre` (`GenreStyle`, `MusicID`) VALUES ('Pop', '62');
INSERT INTO `D4T4Records`.`MusicGenre` (`GenreStyle`, `MusicID`) VALUES ('R&B', '63');
INSERT INTO `D4T4Records`.`MusicGenre` (`GenreStyle`, `MusicID`) VALUES ('Hip Hop', '63');
INSERT INTO `D4T4Records`.`MusicGenre` (`GenreStyle`, `MusicID`) VALUES ('Country', '67');
INSERT INTO `D4T4Records`.`MusicGenre` (`GenreStyle`, `MusicID`) VALUES ('Jazz', '68');
INSERT INTO `D4T4Records`.`MusicGenre` (`GenreStyle`, `MusicID`) VALUES ('Pop', '69');
INSERT INTO `D4T4Records`.`MusicGenre` (`GenreStyle`, `MusicID`) VALUES ('Rock', '70');
INSERT INTO `D4T4Records`.`MusicGenre` (`GenreStyle`, `MusicID`) VALUES ('Pop', '71');
INSERT INTO `D4T4Records`.`MusicGenre` (`GenreStyle`, `MusicID`) VALUES ('R&B', '72');
INSERT INTO `D4T4Records`.`MusicGenre` (`GenreStyle`, `MusicID`) VALUES ('Hip Hop', '73');
INSERT INTO `D4T4Records`.`MusicGenre` (`GenreStyle`, `MusicID`) VALUES ('Country', '74');
INSERT INTO `D4T4Records`.`MusicGenre` (`GenreStyle`, `MusicID`) VALUES ('Jazz', '75');
INSERT INTO `D4T4Records`.`MusicGenre` (`GenreStyle`, `MusicID`) VALUES ('Pop', '76');
INSERT INTO `D4T4Records`.`MusicGenre` (`GenreStyle`, `MusicID`) VALUES ('Rock', '77');
INSERT INTO `D4T4Records`.`MusicGenre` (`GenreStyle`, `MusicID`) VALUES ('Pop', '78');
INSERT INTO `D4T4Records`.`MusicGenre` (`GenreStyle`, `MusicID`) VALUES ('R&B', '79');
INSERT INTO `D4T4Records`.`MusicGenre` (`GenreStyle`, `MusicID`) VALUES ('Hip Hop', '80');
INSERT INTO `D4T4Records`.`MusicGenre` (`GenreStyle`, `MusicID`) VALUES ('Country', '81');
INSERT INTO `D4T4Records`.`MusicGenre` (`GenreStyle`, `MusicID`) VALUES ('Jazz', '82');
INSERT INTO `D4T4Records`.`MusicGenre` (`GenreStyle`, `MusicID`) VALUES ('Pop', '82');
INSERT INTO `D4T4Records`.`MusicGenre` (`GenreStyle`, `MusicID`) VALUES ('Rock', '84');
INSERT INTO `D4T4Records`.`MusicGenre` (`GenreStyle`, `MusicID`) VALUES ('Pop', '85');
INSERT INTO `D4T4Records`.`MusicGenre` (`GenreStyle`, `MusicID`) VALUES ('R&B', '86');
INSERT INTO `D4T4Records`.`MusicGenre` (`GenreStyle`, `MusicID`) VALUES ('Hip Hop', '87');
INSERT INTO `D4T4Records`.`MusicGenre` (`GenreStyle`, `MusicID`) VALUES ('Country', '88');
INSERT INTO `D4T4Records`.`MusicGenre` (`GenreStyle`, `MusicID`) VALUES ('Jazz', '89');
INSERT INTO `D4T4Records`.`MusicGenre` (`GenreStyle`, `MusicID`) VALUES ('Pop', '90');


/*	INSERT MOVIEGENRE DATA (30 TUPLES)	*/  
INSERT INTO `D4T4Records`.`MovieGenre` (`GenreTheme`, `MovieID`) VALUES ('Horror', '91');
INSERT INTO `D4T4Records`.`MovieGenre` (`GenreTheme`, `MovieID`) VALUES ('Comedy', '91');
INSERT INTO `D4T4Records`.`MovieGenre` (`GenreTheme`, `MovieID`) VALUES ('Romance', '92');
INSERT INTO `D4T4Records`.`MovieGenre` (`GenreTheme`, `MovieID`) VALUES ('Sci-Fi', '92');
INSERT INTO `D4T4Records`.`MovieGenre` (`GenreTheme`, `MovieID`) VALUES ('Crime', '95');
INSERT INTO `D4T4Records`.`MovieGenre` (`GenreTheme`, `MovieID`) VALUES ('Horror', '96');
INSERT INTO `D4T4Records`.`MovieGenre` (`GenreTheme`, `MovieID`) VALUES ('Comedy', '98');
INSERT INTO `D4T4Records`.`MovieGenre` (`GenreTheme`, `MovieID`) VALUES ('Romance', '98');
INSERT INTO `D4T4Records`.`MovieGenre` (`GenreTheme`, `MovieID`) VALUES ('Sci-Fi', '99');
INSERT INTO `D4T4Records`.`MovieGenre` (`GenreTheme`, `MovieID`) VALUES ('Crime', '100');
INSERT INTO `D4T4Records`.`MovieGenre` (`GenreTheme`, `MovieID`) VALUES ('Horror', '101');
INSERT INTO `D4T4Records`.`MovieGenre` (`GenreTheme`, `MovieID`) VALUES ('Comedy', '102');
INSERT INTO `D4T4Records`.`MovieGenre` (`GenreTheme`, `MovieID`) VALUES ('Romance', '103');
INSERT INTO `D4T4Records`.`MovieGenre` (`GenreTheme`, `MovieID`) VALUES ('Sci-Fi', '104');
INSERT INTO `D4T4Records`.`MovieGenre` (`GenreTheme`, `MovieID`) VALUES ('Crime', '105');
INSERT INTO `D4T4Records`.`MovieGenre` (`GenreTheme`, `MovieID`) VALUES ('Horror', '105');
INSERT INTO `D4T4Records`.`MovieGenre` (`GenreTheme`, `MovieID`) VALUES ('Comedy', '107');
INSERT INTO `D4T4Records`.`MovieGenre` (`GenreTheme`, `MovieID`) VALUES ('Romance', '108');
INSERT INTO `D4T4Records`.`MovieGenre` (`GenreTheme`, `MovieID`) VALUES ('Sci-Fi', '109');
INSERT INTO `D4T4Records`.`MovieGenre` (`GenreTheme`, `MovieID`) VALUES ('Crime', '111');
INSERT INTO `D4T4Records`.`MovieGenre` (`GenreTheme`, `MovieID`) VALUES ('Horror', '111');
INSERT INTO `D4T4Records`.`MovieGenre` (`GenreTheme`, `MovieID`) VALUES ('Comedy', '112');
INSERT INTO `D4T4Records`.`MovieGenre` (`GenreTheme`, `MovieID`) VALUES ('Romance', '113');
INSERT INTO `D4T4Records`.`MovieGenre` (`GenreTheme`, `MovieID`) VALUES ('Sci-Fi', '114');
INSERT INTO `D4T4Records`.`MovieGenre` (`GenreTheme`, `MovieID`) VALUES ('Crime', '114');
INSERT INTO `D4T4Records`.`MovieGenre` (`GenreTheme`, `MovieID`) VALUES ('Horror', '116');
INSERT INTO `D4T4Records`.`MovieGenre` (`GenreTheme`, `MovieID`) VALUES ('Comedy', '117');
INSERT INTO `D4T4Records`.`MovieGenre` (`GenreTheme`, `MovieID`) VALUES ('Romance', '117');
INSERT INTO `D4T4Records`.`MovieGenre` (`GenreTheme`, `MovieID`) VALUES ('Sci-Fi', '119');
INSERT INTO `D4T4Records`.`MovieGenre` (`GenreTheme`, `MovieID`) VALUES ('Crime', '120');


/*	INSERT REPAIR DATA (60 TUPLES)	*/  
INSERT INTO `D4T4Records`.`Repair` (`TechID`, `InstrumentID`, `StartDate`, `EndDate`, `RepairFee`) VALUES ('2001', '31', '2015-05-03', '2018-07-16', '373');
INSERT INTO `D4T4Records`.`Repair` (`TechID`, `InstrumentID`, `StartDate`, `EndDate`, `RepairFee`) VALUES ('2002', '32', '2017-06-24', '2020-12-27', '4699');
INSERT INTO `D4T4Records`.`Repair` (`TechID`, `InstrumentID`, `StartDate`, `EndDate`, `RepairFee`) VALUES ('2003', '33', '2015-03-08', '2018-07-20', '2769');
INSERT INTO `D4T4Records`.`Repair` (`TechID`, `InstrumentID`, `StartDate`, `EndDate`, `RepairFee`) VALUES ('2004', '34', '2015-01-16', '2019-06-13', '165');
INSERT INTO `D4T4Records`.`Repair` (`TechID`, `InstrumentID`, `StartDate`, `EndDate`, `RepairFee`) VALUES ('2005', '35', '2015-09-26', '2022-01-24', '3219');
INSERT INTO `D4T4Records`.`Repair` (`TechID`, `InstrumentID`, `StartDate`, `EndDate`, `RepairFee`) VALUES ('2006', '36', '2015-03-31', '2022-09-30', '545');
INSERT INTO `D4T4Records`.`Repair` (`TechID`, `InstrumentID`, `StartDate`, `EndDate`, `RepairFee`) VALUES ('2007', '37', '2016-01-08', '2022-04-03', '3525');
INSERT INTO `D4T4Records`.`Repair` (`TechID`, `InstrumentID`, `StartDate`, `EndDate`, `RepairFee`) VALUES ('2008', '38', '2015-02-19', '2018-10-22', '2406');
INSERT INTO `D4T4Records`.`Repair` (`TechID`, `InstrumentID`, `StartDate`, `EndDate`, `RepairFee`) VALUES ('2009', '39', '2017-11-25', '2020-07-19', '4168');
INSERT INTO `D4T4Records`.`Repair` (`TechID`, `InstrumentID`, `StartDate`, `EndDate`, `RepairFee`) VALUES ('2010', '40', '2017-02-25', '2019-12-28', '2358');
INSERT INTO `D4T4Records`.`Repair` (`TechID`, `InstrumentID`, `StartDate`, `EndDate`, `RepairFee`) VALUES ('2011', '41', '2016-01-14', '2021-06-07', '356');
INSERT INTO `D4T4Records`.`Repair` (`TechID`, `InstrumentID`, `StartDate`, `EndDate`, `RepairFee`) VALUES ('2012', '42', '2017-09-29', '2021-06-05', '1235');
INSERT INTO `D4T4Records`.`Repair` (`TechID`, `InstrumentID`, `StartDate`, `EndDate`, `RepairFee`) VALUES ('2013', '43', '2016-04-13', '2022-03-17', '2482');
INSERT INTO `D4T4Records`.`Repair` (`TechID`, `InstrumentID`, `StartDate`, `EndDate`, `RepairFee`) VALUES ('2014', '44', '2016-11-15', '2018-06-30', '1432');
INSERT INTO `D4T4Records`.`Repair` (`TechID`, `InstrumentID`, `StartDate`, `EndDate`, `RepairFee`) VALUES ('2015', '45', '2017-08-12', '2021-04-30', '1857');
INSERT INTO `D4T4Records`.`Repair` (`TechID`, `InstrumentID`, `StartDate`, `EndDate`, `RepairFee`) VALUES ('2016', '46', '2015-05-05', '2019-05-10', '2520');
INSERT INTO `D4T4Records`.`Repair` (`TechID`, `InstrumentID`, `StartDate`, `EndDate`, `RepairFee`) VALUES ('2017', '47', '2016-07-27', '2022-08-13', '176');
INSERT INTO `D4T4Records`.`Repair` (`TechID`, `InstrumentID`, `StartDate`, `EndDate`, `RepairFee`) VALUES ('2018', '48', '2016-01-20', '2018-10-04', '3504');
INSERT INTO `D4T4Records`.`Repair` (`TechID`, `InstrumentID`, `StartDate`, `EndDate`, `RepairFee`) VALUES ('2019', '49', '2016-09-14', '2018-11-13', '1191');
INSERT INTO `D4T4Records`.`Repair` (`TechID`, `InstrumentID`, `StartDate`, `EndDate`, `RepairFee`) VALUES ('2020', '50', '2017-06-23', '2021-09-23', '146');
INSERT INTO `D4T4Records`.`Repair` (`TechID`, `InstrumentID`, `StartDate`, `EndDate`, `RepairFee`) VALUES ('2021', '51', '2015-08-13', '2019-06-20', '1893');
INSERT INTO `D4T4Records`.`Repair` (`TechID`, `InstrumentID`, `StartDate`, `EndDate`, `RepairFee`) VALUES ('2022', '52', '2016-12-02', '2019-11-20', '325');
INSERT INTO `D4T4Records`.`Repair` (`TechID`, `InstrumentID`, `StartDate`, `EndDate`, `RepairFee`) VALUES ('2023', '53', '2016-05-11', '2019-10-01', '3986');
INSERT INTO `D4T4Records`.`Repair` (`TechID`, `InstrumentID`, `StartDate`, `EndDate`, `RepairFee`) VALUES ('2024', '54', '2016-09-13', '2019-04-02', '1060');
INSERT INTO `D4T4Records`.`Repair` (`TechID`, `InstrumentID`, `StartDate`, `EndDate`, `RepairFee`) VALUES ('2025', '55', '2016-12-08', '2022-08-02', '1000');
INSERT INTO `D4T4Records`.`Repair` (`TechID`, `InstrumentID`, `StartDate`, `EndDate`, `RepairFee`) VALUES ('2026', '56', '2017-03-23', '2020-07-18', '3552');
INSERT INTO `D4T4Records`.`Repair` (`TechID`, `InstrumentID`, `StartDate`, `EndDate`, `RepairFee`) VALUES ('2027', '57', '2016-10-04', '2018-10-25', '4452');
INSERT INTO `D4T4Records`.`Repair` (`TechID`, `InstrumentID`, `StartDate`, `EndDate`, `RepairFee`) VALUES ('2028', '58', '2016-06-05', '2022-11-15', '4692');
INSERT INTO `D4T4Records`.`Repair` (`TechID`, `InstrumentID`, `StartDate`, `EndDate`, `RepairFee`) VALUES ('2029', '59', '2015-10-17', '2018-02-16', '2415');
INSERT INTO `D4T4Records`.`Repair` (`TechID`, `InstrumentID`, `StartDate`, `EndDate`, `RepairFee`) VALUES ('2030', '60', '2015-12-03', '2020-06-04', '545');
INSERT INTO `D4T4Records`.`Repair` (`TechID`, `InstrumentID`, `StartDate`, `EndDate`, `RepairFee`) VALUES ('2001', '60', '2015-07-05', '2019-05-03', '1676');
INSERT INTO `D4T4Records`.`Repair` (`TechID`, `InstrumentID`, `StartDate`, `EndDate`, `RepairFee`) VALUES ('2002', '59', '2016-02-01', '2022-06-07', '2969');
INSERT INTO `D4T4Records`.`Repair` (`TechID`, `InstrumentID`, `StartDate`, `EndDate`, `RepairFee`) VALUES ('2003', '58', '2015-12-21', '2021-04-09', '2123');
INSERT INTO `D4T4Records`.`Repair` (`TechID`, `InstrumentID`, `StartDate`, `EndDate`, `RepairFee`) VALUES ('2004', '57', '2017-07-20', '2019-09-30', '1016');
INSERT INTO `D4T4Records`.`Repair` (`TechID`, `InstrumentID`, `StartDate`, `EndDate`, `RepairFee`) VALUES ('2005', '56', '2015-05-14', '2022-08-13', '3637');
INSERT INTO `D4T4Records`.`Repair` (`TechID`, `InstrumentID`, `StartDate`, `EndDate`, `RepairFee`) VALUES ('2006', '55', '2017-12-21', '2019-04-06', '3650');
INSERT INTO `D4T4Records`.`Repair` (`TechID`, `InstrumentID`, `StartDate`, `EndDate`, `RepairFee`) VALUES ('2007', '54', '2016-04-17', '2020-02-11', '4513');
INSERT INTO `D4T4Records`.`Repair` (`TechID`, `InstrumentID`, `StartDate`, `EndDate`, `RepairFee`) VALUES ('2008', '53', '2015-11-22', '2021-05-03', '2035');
INSERT INTO `D4T4Records`.`Repair` (`TechID`, `InstrumentID`, `StartDate`, `EndDate`, `RepairFee`) VALUES ('2009', '52', '2015-09-12', '2022-04-27', '3161');
INSERT INTO `D4T4Records`.`Repair` (`TechID`, `InstrumentID`, `StartDate`, `EndDate`, `RepairFee`) VALUES ('2010', '51', '2016-03-17', '2019-09-26', '1575');
INSERT INTO `D4T4Records`.`Repair` (`TechID`, `InstrumentID`, `StartDate`, `EndDate`, `RepairFee`) VALUES ('2011', '50', '2015-04-19', '2018-11-23', '178');
INSERT INTO `D4T4Records`.`Repair` (`TechID`, `InstrumentID`, `StartDate`, `EndDate`, `RepairFee`) VALUES ('2012', '49', '2017-04-18', '2019-05-04', '1848');
INSERT INTO `D4T4Records`.`Repair` (`TechID`, `InstrumentID`, `StartDate`, `EndDate`, `RepairFee`) VALUES ('2013', '48', '2017-07-12', '2018-08-12', '3365');
INSERT INTO `D4T4Records`.`Repair` (`TechID`, `InstrumentID`, `StartDate`, `EndDate`, `RepairFee`) VALUES ('2014', '47', '2016-07-02', '2021-11-09', '4866');
INSERT INTO `D4T4Records`.`Repair` (`TechID`, `InstrumentID`, `StartDate`, `EndDate`, `RepairFee`) VALUES ('2015', '46', '2016-11-20', '2022-03-11', '4257');
INSERT INTO `D4T4Records`.`Repair` (`TechID`, `InstrumentID`, `StartDate`, `EndDate`, `RepairFee`) VALUES ('2016', '45', '2016-12-07', '2019-03-02', '1223');
INSERT INTO `D4T4Records`.`Repair` (`TechID`, `InstrumentID`, `StartDate`, `EndDate`, `RepairFee`) VALUES ('2017', '44', '2017-01-30', '2020-09-04', '2417');
INSERT INTO `D4T4Records`.`Repair` (`TechID`, `InstrumentID`, `StartDate`, `EndDate`, `RepairFee`) VALUES ('2018', '43', '2016-06-28', '2021-03-03', '828');
INSERT INTO `D4T4Records`.`Repair` (`TechID`, `InstrumentID`, `StartDate`, `EndDate`, `RepairFee`) VALUES ('2019', '42', '2017-12-15', '2021-09-09', '1624');
INSERT INTO `D4T4Records`.`Repair` (`TechID`, `InstrumentID`, `StartDate`, `EndDate`, `RepairFee`) VALUES ('2020', '41', '2015-11-07', '2022-12-10', '4342');
INSERT INTO `D4T4Records`.`Repair` (`TechID`, `InstrumentID`, `StartDate`, `EndDate`, `RepairFee`) VALUES ('2021', '40', '2015-03-06', '2022-08-07', '3602');
INSERT INTO `D4T4Records`.`Repair` (`TechID`, `InstrumentID`, `StartDate`, `EndDate`, `RepairFee`) VALUES ('2022', '39', '2015-04-02', '2018-04-29', '2529');
INSERT INTO `D4T4Records`.`Repair` (`TechID`, `InstrumentID`, `StartDate`, `EndDate`, `RepairFee`) VALUES ('2023', '38', '2017-03-26', '2018-09-14', '871');
INSERT INTO `D4T4Records`.`Repair` (`TechID`, `InstrumentID`, `StartDate`, `EndDate`, `RepairFee`) VALUES ('2024', '37', '2017-02-06', '2022-01-31', '4462');
INSERT INTO `D4T4Records`.`Repair` (`TechID`, `InstrumentID`, `StartDate`, `EndDate`, `RepairFee`) VALUES ('2025', '36', '2015-03-19', '2018-04-14', '2438');
INSERT INTO `D4T4Records`.`Repair` (`TechID`, `InstrumentID`, `StartDate`, `EndDate`, `RepairFee`) VALUES ('2026', '35', '2015-03-17', '2018-05-04', '4544');
INSERT INTO `D4T4Records`.`Repair` (`TechID`, `InstrumentID`, `StartDate`, `EndDate`, `RepairFee`) VALUES ('2027', '34', '2015-02-27', '2022-08-16', '1236');
INSERT INTO `D4T4Records`.`Repair` (`TechID`, `InstrumentID`, `StartDate`, `EndDate`, `RepairFee`) VALUES ('2028', '33', '2017-08-11', '2021-10-01', '2159');
INSERT INTO `D4T4Records`.`Repair` (`TechID`, `InstrumentID`, `StartDate`, `EndDate`, `RepairFee`) VALUES ('2029', '32', '2016-06-08', '2020-11-03', '1897');
INSERT INTO `D4T4Records`.`Repair` (`TechID`, `InstrumentID`, `StartDate`, `EndDate`, `RepairFee`) VALUES ('2030', '31', '2017-12-01', '2020-05-28', '1543');


/*	INSERT COLLABORATION DATA (60 TUPLES)	*/  
 INSERT INTO `D4T4Records`.`Collaboration` (`ArtistID`, `MusicID`, `CollabDate`) VALUES ('3001', '61', '2015-07-25');
INSERT INTO `D4T4Records`.`Collaboration` (`ArtistID`, `MusicID`, `CollabDate`) VALUES ('3002', '62', '2010-03-25');
INSERT INTO `D4T4Records`.`Collaboration` (`ArtistID`, `MusicID`, `CollabDate`) VALUES ('3003', '63', '2010-08-13');
INSERT INTO `D4T4Records`.`Collaboration` (`ArtistID`, `MusicID`, `CollabDate`) VALUES ('3004', '64', '2014-03-18');
INSERT INTO `D4T4Records`.`Collaboration` (`ArtistID`, `MusicID`, `CollabDate`) VALUES ('3005', '65', '2014-03-28');
INSERT INTO `D4T4Records`.`Collaboration` (`ArtistID`, `MusicID`, `CollabDate`) VALUES ('3006', '66', '2010-09-01');
INSERT INTO `D4T4Records`.`Collaboration` (`ArtistID`, `MusicID`, `CollabDate`) VALUES ('3007', '67', '2014-12-02');
INSERT INTO `D4T4Records`.`Collaboration` (`ArtistID`, `MusicID`, `CollabDate`) VALUES ('3008', '68', '2010-03-21');
INSERT INTO `D4T4Records`.`Collaboration` (`ArtistID`, `MusicID`, `CollabDate`) VALUES ('3009', '69', '2015-12-13');
INSERT INTO `D4T4Records`.`Collaboration` (`ArtistID`, `MusicID`, `CollabDate`) VALUES ('3010', '70', '2013-07-28');
INSERT INTO `D4T4Records`.`Collaboration` (`ArtistID`, `MusicID`, `CollabDate`) VALUES ('3011', '71', '2013-12-20');
INSERT INTO `D4T4Records`.`Collaboration` (`ArtistID`, `MusicID`, `CollabDate`) VALUES ('3012', '72', '2010-05-14');
INSERT INTO `D4T4Records`.`Collaboration` (`ArtistID`, `MusicID`, `CollabDate`) VALUES ('3013', '73', '2015-05-24');
INSERT INTO `D4T4Records`.`Collaboration` (`ArtistID`, `MusicID`, `CollabDate`) VALUES ('3014', '74', '2012-06-14');
INSERT INTO `D4T4Records`.`Collaboration` (`ArtistID`, `MusicID`, `CollabDate`) VALUES ('3015', '75', '2012-03-19');
INSERT INTO `D4T4Records`.`Collaboration` (`ArtistID`, `MusicID`, `CollabDate`) VALUES ('3016', '76', '2010-08-23');
INSERT INTO `D4T4Records`.`Collaboration` (`ArtistID`, `MusicID`, `CollabDate`) VALUES ('3017', '77', '2010-05-25');
INSERT INTO `D4T4Records`.`Collaboration` (`ArtistID`, `MusicID`, `CollabDate`) VALUES ('3018', '78', '2013-09-22');
INSERT INTO `D4T4Records`.`Collaboration` (`ArtistID`, `MusicID`, `CollabDate`) VALUES ('3019', '79', '2013-09-25');
INSERT INTO `D4T4Records`.`Collaboration` (`ArtistID`, `MusicID`, `CollabDate`) VALUES ('3020', '80', '2012-10-07');
INSERT INTO `D4T4Records`.`Collaboration` (`ArtistID`, `MusicID`, `CollabDate`) VALUES ('3021', '81', '2010-11-01');
INSERT INTO `D4T4Records`.`Collaboration` (`ArtistID`, `MusicID`, `CollabDate`) VALUES ('3022', '82', '2011-05-22');
INSERT INTO `D4T4Records`.`Collaboration` (`ArtistID`, `MusicID`, `CollabDate`) VALUES ('3023', '83', '2011-05-27');
INSERT INTO `D4T4Records`.`Collaboration` (`ArtistID`, `MusicID`, `CollabDate`) VALUES ('3024', '84', '2013-12-31');
INSERT INTO `D4T4Records`.`Collaboration` (`ArtistID`, `MusicID`, `CollabDate`) VALUES ('3025', '85', '2013-10-25');
INSERT INTO `D4T4Records`.`Collaboration` (`ArtistID`, `MusicID`, `CollabDate`) VALUES ('3026', '86', '2014-05-03');
INSERT INTO `D4T4Records`.`Collaboration` (`ArtistID`, `MusicID`, `CollabDate`) VALUES ('3027', '87', '2010-10-13');
INSERT INTO `D4T4Records`.`Collaboration` (`ArtistID`, `MusicID`, `CollabDate`) VALUES ('3028', '88', '2011-12-13');
INSERT INTO `D4T4Records`.`Collaboration` (`ArtistID`, `MusicID`, `CollabDate`) VALUES ('3029', '89', '2011-08-11');
INSERT INTO `D4T4Records`.`Collaboration` (`ArtistID`, `MusicID`, `CollabDate`) VALUES ('3030', '90', '2013-11-30');
INSERT INTO `D4T4Records`.`Collaboration` (`ArtistID`, `MusicID`, `CollabDate`) VALUES ('3030', '61', '2015-07-25');
INSERT INTO `D4T4Records`.`Collaboration` (`ArtistID`, `MusicID`, `CollabDate`) VALUES ('3029', '62', '2010-03-25');
INSERT INTO `D4T4Records`.`Collaboration` (`ArtistID`, `MusicID`, `CollabDate`) VALUES ('3028', '63', '2010-08-13');
INSERT INTO `D4T4Records`.`Collaboration` (`ArtistID`, `MusicID`, `CollabDate`) VALUES ('3027', '64', '2014-03-18');
INSERT INTO `D4T4Records`.`Collaboration` (`ArtistID`, `MusicID`, `CollabDate`) VALUES ('3026', '65', '2014-03-28');
INSERT INTO `D4T4Records`.`Collaboration` (`ArtistID`, `MusicID`, `CollabDate`) VALUES ('3025', '66', '2010-09-01');
INSERT INTO `D4T4Records`.`Collaboration` (`ArtistID`, `MusicID`, `CollabDate`) VALUES ('3024', '67', '2014-12-02');
INSERT INTO `D4T4Records`.`Collaboration` (`ArtistID`, `MusicID`, `CollabDate`) VALUES ('3023', '68', '2010-03-21');
INSERT INTO `D4T4Records`.`Collaboration` (`ArtistID`, `MusicID`, `CollabDate`) VALUES ('3022', '69', '2015-12-13');
INSERT INTO `D4T4Records`.`Collaboration` (`ArtistID`, `MusicID`, `CollabDate`) VALUES ('3021', '70', '2013-07-28');
INSERT INTO `D4T4Records`.`Collaboration` (`ArtistID`, `MusicID`, `CollabDate`) VALUES ('3020', '71', '2013-12-20');
INSERT INTO `D4T4Records`.`Collaboration` (`ArtistID`, `MusicID`, `CollabDate`) VALUES ('3019', '72', '2010-05-14');
INSERT INTO `D4T4Records`.`Collaboration` (`ArtistID`, `MusicID`, `CollabDate`) VALUES ('3018', '73', '2015-05-24');
INSERT INTO `D4T4Records`.`Collaboration` (`ArtistID`, `MusicID`, `CollabDate`) VALUES ('3017', '74', '2012-06-14');
INSERT INTO `D4T4Records`.`Collaboration` (`ArtistID`, `MusicID`, `CollabDate`) VALUES ('3016', '75', '2012-03-19');
INSERT INTO `D4T4Records`.`Collaboration` (`ArtistID`, `MusicID`, `CollabDate`) VALUES ('3015', '76', '2010-08-23');
INSERT INTO `D4T4Records`.`Collaboration` (`ArtistID`, `MusicID`, `CollabDate`) VALUES ('3014', '77', '2010-05-25');
INSERT INTO `D4T4Records`.`Collaboration` (`ArtistID`, `MusicID`, `CollabDate`) VALUES ('3013', '78', '2013-09-22');
INSERT INTO `D4T4Records`.`Collaboration` (`ArtistID`, `MusicID`, `CollabDate`) VALUES ('3012', '79', '2013-09-25');
INSERT INTO `D4T4Records`.`Collaboration` (`ArtistID`, `MusicID`, `CollabDate`) VALUES ('3011', '80', '2012-10-07');
INSERT INTO `D4T4Records`.`Collaboration` (`ArtistID`, `MusicID`, `CollabDate`) VALUES ('3010', '81', '2010-11-01');
INSERT INTO `D4T4Records`.`Collaboration` (`ArtistID`, `MusicID`, `CollabDate`) VALUES ('3009', '82', '2011-05-22');
INSERT INTO `D4T4Records`.`Collaboration` (`ArtistID`, `MusicID`, `CollabDate`) VALUES ('3008', '83', '2011-05-27');
INSERT INTO `D4T4Records`.`Collaboration` (`ArtistID`, `MusicID`, `CollabDate`) VALUES ('3007', '84', '2013-12-31');
INSERT INTO `D4T4Records`.`Collaboration` (`ArtistID`, `MusicID`, `CollabDate`) VALUES ('3006', '85', '2013-10-25');
INSERT INTO `D4T4Records`.`Collaboration` (`ArtistID`, `MusicID`, `CollabDate`) VALUES ('3005', '86', '2014-05-03');
INSERT INTO `D4T4Records`.`Collaboration` (`ArtistID`, `MusicID`, `CollabDate`) VALUES ('3004', '87', '2010-10-13');
INSERT INTO `D4T4Records`.`Collaboration` (`ArtistID`, `MusicID`, `CollabDate`) VALUES ('3003', '88', '2011-12-13');
INSERT INTO `D4T4Records`.`Collaboration` (`ArtistID`, `MusicID`, `CollabDate`) VALUES ('3002', '89', '2011-08-11');
INSERT INTO `D4T4Records`.`Collaboration` (`ArtistID`, `MusicID`, `CollabDate`) VALUES ('3001', '90', '2013-11-30');